2026-01-07 22:20:49,527 [INFO] Fetching AAPL (Attempt 1/3)
2026-01-07 22:20:50,085 [INFO] Successfully fetched 250 rows for AAPL
2026-01-07 22:20:50,188 [INFO] Fetching AAPL (Attempt 1/3)
2026-01-07 22:20:50,480 [INFO] Successfully fetched 250 rows for AAPL
2026-01-07 22:21:51,969 [INFO] Fetching AAPL (Attempt 1/3)
2026-01-07 22:21:52,223 [INFO] Successfully fetched 502 rows for AAPL
2026-01-07 22:21:52,224 [INFO] Fetching MSFT (Attempt 1/3)
2026-01-07 22:21:52,420 [INFO] Successfully fetched 502 rows for MSFT
2026-01-07 22:21:52,421 [INFO] Fetching GOOGL (Attempt 1/3)
2026-01-07 22:21:52,570 [INFO] Successfully fetched 502 rows for GOOGL
2026-01-07 22:21:52,570 [INFO] Fetching STEP (Attempt 1/3)
2026-01-07 22:21:52,747 [INFO] Successfully fetched 502 rows for STEP
2026-01-07 22:21:56,660 [INFO] Fetching AAPL (Attempt 1/3)
2026-01-07 22:21:56,898 [INFO] Successfully fetched 502 rows for AAPL
2026-01-07 22:21:56,900 [INFO] Fetching MSFT (Attempt 1/3)
2026-01-07 22:21:57,097 [INFO] Successfully fetched 502 rows for MSFT
2026-01-07 22:21:57,099 [INFO] Fetching GOOGL (Attempt 1/3)
2026-01-07 22:21:57,292 [INFO] Successfully fetched 502 rows for GOOGL
2026-01-07 22:21:57,295 [INFO] Fetching STEP (Attempt 1/3)
2026-01-07 22:21:57,461 [INFO] Successfully fetched 502 rows for STEP
2026-01-07 22:25:50,268 [INFO] Fetching AAPL (Attempt 1/3)
2026-01-07 22:25:50,579 [INFO] Successfully fetched 250 rows for AAPL
2026-01-07 22:26:57,537 [INFO] Fetching AAPL (Attempt 1/3)
2026-01-07 22:26:57,771 [INFO] Successfully fetched 502 rows for AAPL
2026-01-07 22:26:57,773 [INFO] Fetching MSFT (Attempt 1/3)
2026-01-07 22:26:57,973 [INFO] Successfully fetched 502 rows for MSFT
2026-01-07 22:26:57,974 [INFO] Fetching GOOGL (Attempt 1/3)
2026-01-07 22:26:58,137 [INFO] Successfully fetched 502 rows for GOOGL
2026-01-07 22:26:58,138 [INFO] Fetching STEP (Attempt 1/3)
2026-01-07 22:26:58,299 [INFO] Successfully fetched 502 rows for STEP
2026-01-07 22:27:20,629 [INFO] Fetching AAPL (Attempt 1/3)
2026-01-07 22:27:20,906 [INFO] Successfully fetched 502 rows for AAPL
2026-01-07 22:27:20,907 [INFO] Fetching MSFT (Attempt 1/3)
2026-01-07 22:27:21,089 [INFO] Successfully fetched 502 rows for MSFT
2026-01-07 22:27:21,089 [INFO] Fetching GOOGL (Attempt 1/3)
2026-01-07 22:27:21,250 [INFO] Successfully fetched 502 rows for GOOGL
2026-01-07 22:27:27,821 [INFO] Fetching AAPL (Attempt 1/3)
2026-01-07 22:27:28,146 [INFO] Successfully fetched 502 rows for AAPL
2026-01-07 22:27:28,147 [INFO] Fetching MSFT (Attempt 1/3)
2026-01-07 22:27:28,342 [INFO] Successfully fetched 502 rows for MSFT
2026-01-07 22:27:28,343 [INFO] Fetching GOOGL (Attempt 1/3)
2026-01-07 22:27:28,489 [INFO] Successfully fetched 502 rows for GOOGL
2026-01-07 22:27:49,943 [INFO] Fetching AAPL (Attempt 1/3)
2026-01-07 22:27:50,183 [INFO] Successfully fetched 502 rows for AAPL
2026-01-07 22:27:50,183 [INFO] Fetching MSFT (Attempt 1/3)
2026-01-07 22:27:50,369 [INFO] Successfully fetched 502 rows for MSFT
2026-01-07 22:27:50,369 [INFO] Fetching GOOGL (Attempt 1/3)
2026-01-07 22:27:50,554 [INFO] Successfully fetched 502 rows for GOOGL
2026-01-07 22:27:50,554 [INFO] Fetching STEP (Attempt 1/3)
2026-01-07 22:27:50,718 [INFO] Successfully fetched 502 rows for STEP
2026-01-07 22:29:19,911 [INFO] Fetching AAPL (Attempt 1/3)
2026-01-07 22:29:20,131 [INFO] Successfully fetched 502 rows for AAPL
2026-01-07 22:29:20,132 [INFO] Fetching MSFT (Attempt 1/3)
2026-01-07 22:29:20,326 [INFO] Successfully fetched 502 rows for MSFT
2026-01-07 22:29:20,326 [INFO] Fetching GOOGL (Attempt 1/3)
2026-01-07 22:29:20,470 [INFO] Successfully fetched 502 rows for GOOGL
2026-01-07 22:29:20,470 [INFO] Fetching STEP (Attempt 1/3)
2026-01-07 22:29:20,621 [INFO] Successfully fetched 502 rows for STEP
2026-01-07 22:29:30,886 [INFO] Fetching AAPL (Attempt 1/3)
2026-01-07 22:29:31,129 [INFO] Successfully fetched 1255 rows for AAPL
2026-01-07 22:29:31,129 [INFO] Fetching MSFT (Attempt 1/3)
2026-01-07 22:29:31,325 [INFO] Successfully fetched 1255 rows for MSFT
2026-01-07 22:29:31,326 [INFO] Fetching GOOGL (Attempt 1/3)
2026-01-07 22:29:31,511 [INFO] Successfully fetched 1255 rows for GOOGL
2026-01-07 22:29:31,511 [INFO] Fetching STEP (Attempt 1/3)
2026-01-07 22:29:31,710 [INFO] Successfully fetched 1255 rows for STEP
2026-01-07 22:30:50,636 [INFO] Fetching AAPL (Attempt 1/3)
2026-01-07 22:30:50,890 [INFO] Successfully fetched 250 rows for AAPL
2026-01-07 22:34:33,496 [INFO] Fetching AAPL (Attempt 1/3)
2026-01-07 22:34:33,804 [INFO] Successfully fetched 1255 rows for AAPL
2026-01-07 22:34:33,804 [INFO] Fetching MSFT (Attempt 1/3)
2026-01-07 22:34:34,078 [INFO] Successfully fetched 1255 rows for MSFT
2026-01-07 22:34:34,079 [INFO] Fetching GOOGL (Attempt 1/3)
2026-01-07 22:34:34,262 [INFO] Successfully fetched 1255 rows for GOOGL
2026-01-07 22:34:34,263 [INFO] Fetching STEP (Attempt 1/3)
2026-01-07 22:34:34,468 [INFO] Successfully fetched 1255 rows for STEP
2026-01-07 22:35:51,497 [INFO] Fetching AAPL (Attempt 1/3)
2026-01-07 22:35:51,692 [INFO] Successfully fetched 250 rows for AAPL
2026-01-07 22:40:52,490 [INFO] Fetching AAPL (Attempt 1/3)
2026-01-07 22:40:52,685 [INFO] Successfully fetched 250 rows for AAPL
2026-01-07 22:41:29,222 [INFO] Fetching AAPL (Attempt 1/3)
2026-01-07 22:41:29,303 [INFO] Fetching AAPL (Attempt 1/3)
2026-01-07 22:41:29,539 [INFO] Successfully fetched 1255 rows for AAPL
2026-01-07 22:41:29,539 [INFO] Successfully fetched 1255 rows for AAPL
2026-01-07 22:41:29,545 [INFO] Fetching MSFT (Attempt 1/3)
2026-01-07 22:41:29,542 [INFO] Fetching MSFT (Attempt 1/3)
2026-01-07 22:41:29,565 [INFO] Successfully fetched 1255 rows for MSFT
2026-01-07 22:41:29,566 [INFO] Fetching GOOGL (Attempt 1/3)
2026-01-07 22:41:29,812 [INFO] Successfully fetched 1255 rows for MSFT
2026-01-07 22:41:29,817 [INFO] Successfully fetched 1255 rows for GOOGL
2026-01-07 22:41:29,818 [INFO] Fetching STEP (Attempt 1/3)
2026-01-07 22:41:29,817 [INFO] Fetching GOOGL (Attempt 1/3)
2026-01-07 22:41:29,873 [INFO] Successfully fetched 1255 rows for STEP
2026-01-07 22:41:29,874 [INFO] Successfully fetched 1255 rows for GOOGL
2026-01-07 22:41:29,875 [INFO] Fetching BTC-USD (Attempt 1/3)
2026-01-07 22:41:29,876 [INFO] Fetching STEP (Attempt 1/3)
2026-01-07 22:41:30,076 [INFO] Successfully fetched 1255 rows for BTC-USD
2026-01-07 22:41:30,078 [INFO] Successfully fetched 1255 rows for STEP
2026-01-07 22:41:30,112 [INFO] Fetching BTC-USD (Attempt 1/3)
2026-01-07 22:41:30,197 [INFO] Successfully fetched 1255 rows for BTC-USD
2026-01-07 22:41:30,219 [CRITICAL] CRITICAL SERVER ERROR: Cannot set a DataFrame with multiple columns to the single column BTC-USD
Traceback (most recent call last):
  File "C:\Users\Adrien\OneDrive\Documents\ESILV\Annee_4\S7\Python Git Linux\Portfolio-Backtest-Engine\Portfolio-Backtest-Engine\backend\main.py", line 72, in global_exception_handler
    return await call_next(request)
           ^^^^^^^^^^^^^^^^^^^^^^^^
  File "C:\Users\Adrien\OneDrive\Documents\ESILV\Annee_4\S7\Python Git Linux\Portfolio-Backtest-Engine\Portfolio-Backtest-Engine\venv\Lib\site-packages\starlette\middleware\base.py", line 168, in call_next
    raise app_exc from app_exc.__cause__ or app_exc.__context__
  File "C:\Users\Adrien\OneDrive\Documents\ESILV\Annee_4\S7\Python Git Linux\Portfolio-Backtest-Engine\Portfolio-Backtest-Engine\venv\Lib\site-packages\starlette\middleware\base.py", line 144, in coro
    await self.app(scope, receive_or_disconnect, send_no_error)
  File "C:\Users\Adrien\OneDrive\Documents\ESILV\Annee_4\S7\Python Git Linux\Portfolio-Backtest-Engine\Portfolio-Backtest-Engine\venv\Lib\site-packages\starlette\middleware\cors.py", line 93, in __call__
    await self.simple_response(scope, receive, send, request_headers=headers)
  File "C:\Users\Adrien\OneDrive\Documents\ESILV\Annee_4\S7\Python Git Linux\Portfolio-Backtest-Engine\Portfolio-Backtest-Engine\venv\Lib\site-packages\starlette\middleware\cors.py", line 144, in simple_response
    await self.app(scope, receive, send)
  File "C:\Users\Adrien\OneDrive\Documents\ESILV\Annee_4\S7\Python Git Linux\Portfolio-Backtest-Engine\Portfolio-Backtest-Engine\venv\Lib\site-packages\starlette\middleware\exceptions.py", line 63, in __call__
    await wrap_app_handling_exceptions(self.app, conn)(scope, receive, send)
  File "C:\Users\Adrien\OneDrive\Documents\ESILV\Annee_4\S7\Python Git Linux\Portfolio-Backtest-Engine\Portfolio-Backtest-Engine\venv\Lib\site-packages\starlette\_exception_handler.py", line 53, in wrapped_app
    raise exc
  File "C:\Users\Adrien\OneDrive\Documents\ESILV\Annee_4\S7\Python Git Linux\Portfolio-Backtest-Engine\Portfolio-Backtest-Engine\venv\Lib\site-packages\starlette\_exception_handler.py", line 42, in wrapped_app
    await app(scope, receive, sender)
  File "C:\Users\Adrien\OneDrive\Documents\ESILV\Annee_4\S7\Python Git Linux\Portfolio-Backtest-Engine\Portfolio-Backtest-Engine\venv\Lib\site-packages\fastapi\middleware\asyncexitstack.py", line 18, in __call__
    await self.app(scope, receive, send)
  File "C:\Users\Adrien\OneDrive\Documents\ESILV\Annee_4\S7\Python Git Linux\Portfolio-Backtest-Engine\Portfolio-Backtest-Engine\venv\Lib\site-packages\starlette\routing.py", line 716, in __call__
    await self.middleware_stack(scope, receive, send)
  File "C:\Users\Adrien\OneDrive\Documents\ESILV\Annee_4\S7\Python Git Linux\Portfolio-Backtest-Engine\Portfolio-Backtest-Engine\venv\Lib\site-packages\starlette\routing.py", line 736, in app
    await route.handle(scope, receive, send)
  File "C:\Users\Adrien\OneDrive\Documents\ESILV\Annee_4\S7\Python Git Linux\Portfolio-Backtest-Engine\Portfolio-Backtest-Engine\venv\Lib\site-packages\starlette\routing.py", line 290, in handle
    await self.app(scope, receive, send)
  File "C:\Users\Adrien\OneDrive\Documents\ESILV\Annee_4\S7\Python Git Linux\Portfolio-Backtest-Engine\Portfolio-Backtest-Engine\venv\Lib\site-packages\fastapi\routing.py", line 125, in app
    await wrap_app_handling_exceptions(app, request)(scope, receive, send)
  File "C:\Users\Adrien\OneDrive\Documents\ESILV\Annee_4\S7\Python Git Linux\Portfolio-Backtest-Engine\Portfolio-Backtest-Engine\venv\Lib\site-packages\starlette\_exception_handler.py", line 53, in wrapped_app
    raise exc
  File "C:\Users\Adrien\OneDrive\Documents\ESILV\Annee_4\S7\Python Git Linux\Portfolio-Backtest-Engine\Portfolio-Backtest-Engine\venv\Lib\site-packages\starlette\_exception_handler.py", line 42, in wrapped_app
    await app(scope, receive, sender)
  File "C:\Users\Adrien\OneDrive\Documents\ESILV\Annee_4\S7\Python Git Linux\Portfolio-Backtest-Engine\Portfolio-Backtest-Engine\venv\Lib\site-packages\fastapi\routing.py", line 111, in app
    response = await f(request)
               ^^^^^^^^^^^^^^^^
  File "C:\Users\Adrien\OneDrive\Documents\ESILV\Annee_4\S7\Python Git Linux\Portfolio-Backtest-Engine\Portfolio-Backtest-Engine\venv\Lib\site-packages\fastapi\routing.py", line 391, in app
    raw_response = await run_endpoint_function(
                   ^^^^^^^^^^^^^^^^^^^^^^^^^^^^
    ...<3 lines>...
    )
    ^
  File "C:\Users\Adrien\OneDrive\Documents\ESILV\Annee_4\S7\Python Git Linux\Portfolio-Backtest-Engine\Portfolio-Backtest-Engine\venv\Lib\site-packages\fastapi\routing.py", line 292, in run_endpoint_function
    return await run_in_threadpool(dependant.call, **values)
           ^^^^^^^^^^^^^^^^^^^^^^^^^^^^^^^^^^^^^^^^^^^^^^^^^
  File "C:\Users\Adrien\OneDrive\Documents\ESILV\Annee_4\S7\Python Git Linux\Portfolio-Backtest-Engine\Portfolio-Backtest-Engine\venv\Lib\site-packages\starlette\concurrency.py", line 32, in run_in_threadpool
    return await anyio.to_thread.run_sync(func)
           ^^^^^^^^^^^^^^^^^^^^^^^^^^^^^^^^^^^^
  File "C:\Users\Adrien\OneDrive\Documents\ESILV\Annee_4\S7\Python Git Linux\Portfolio-Backtest-Engine\Portfolio-Backtest-Engine\venv\Lib\site-packages\anyio\to_thread.py", line 56, in run_sync
    return await get_async_backend().run_sync_in_worker_thread(
           ^^^^^^^^^^^^^^^^^^^^^^^^^^^^^^^^^^^^^^^^^^^^^^^^^^^^
        func, args, abandon_on_cancel=abandon_on_cancel, limiter=limiter
        ^^^^^^^^^^^^^^^^^^^^^^^^^^^^^^^^^^^^^^^^^^^^^^^^^^^^^^^^^^^^^^^^
    )
    ^
  File "C:\Users\Adrien\OneDrive\Documents\ESILV\Annee_4\S7\Python Git Linux\Portfolio-Backtest-Engine\Portfolio-Backtest-Engine\venv\Lib\site-packages\anyio\_backends\_asyncio.py", line 2485, in run_sync_in_worker_thread
    return await future
           ^^^^^^^^^^^^
  File "C:\Users\Adrien\OneDrive\Documents\ESILV\Annee_4\S7\Python Git Linux\Portfolio-Backtest-Engine\Portfolio-Backtest-Engine\venv\Lib\site-packages\anyio\_backends\_asyncio.py", line 976, in run
    result = context.run(func, *args)
  File "C:\Users\Adrien\OneDrive\Documents\ESILV\Annee_4\S7\Python Git Linux\Portfolio-Backtest-Engine\Portfolio-Backtest-Engine\backend\main.py", line 458, in get_correlation_matrix
    corr_matrix = calculate_correlation_matrix(assets_data)
  File "C:\Users\Adrien\OneDrive\Documents\ESILV\Annee_4\S7\Python Git Linux\Portfolio-Backtest-Engine\Portfolio-Backtest-Engine\backend\portfolio.py", line 23, in calculate_correlation_matrix
    prices[ticker] = df["Close"]
    ~~~~~~^^^^^^^^
  File "C:\Users\Adrien\OneDrive\Documents\ESILV\Annee_4\S7\Python Git Linux\Portfolio-Backtest-Engine\Portfolio-Backtest-Engine\venv\Lib\site-packages\pandas\core\frame.py", line 4312, in __setitem__
    self._set_item_frame_value(key, value)
    ~~~~~~~~~~~~~~~~~~~~~~~~~~^^^^^^^^^^^^
  File "C:\Users\Adrien\OneDrive\Documents\ESILV\Annee_4\S7\Python Git Linux\Portfolio-Backtest-Engine\Portfolio-Backtest-Engine\venv\Lib\site-packages\pandas\core\frame.py", line 4470, in _set_item_frame_value
    raise ValueError(
    ...<2 lines>...
    )
ValueError: Cannot set a DataFrame with multiple columns to the single column BTC-USD
2026-01-07 22:42:29,198 [INFO] Fetching AAPL (Attempt 1/3)
2026-01-07 22:42:29,466 [INFO] Successfully fetched 1255 rows for AAPL
2026-01-07 22:42:29,466 [INFO] Fetching MSFT (Attempt 1/3)
2026-01-07 22:42:29,711 [INFO] Successfully fetched 1255 rows for MSFT
2026-01-07 22:42:29,712 [INFO] Fetching GOOGL (Attempt 1/3)
2026-01-07 22:42:29,901 [INFO] Successfully fetched 1255 rows for GOOGL
2026-01-07 22:42:29,901 [INFO] Fetching STEP (Attempt 1/3)
2026-01-07 22:42:30,091 [INFO] Successfully fetched 1255 rows for STEP
2026-01-07 22:42:30,092 [INFO] Fetching BTC-USD (Attempt 1/3)
2026-01-07 22:42:30,507 [INFO] Successfully fetched 1827 rows for BTC-USD
2026-01-07 22:45:52,724 [INFO] Fetching AAPL (Attempt 1/3)
2026-01-07 22:45:52,928 [INFO] Successfully fetched 250 rows for AAPL
2026-01-07 22:49:19,017 [INFO] Fetching AAPL (Attempt 1/3)
2026-01-07 22:49:19,363 [INFO] Successfully fetched 250 rows for AAPL
2026-01-07 22:49:19,483 [INFO] Fetching AAPL (Attempt 1/3)
2026-01-07 22:49:19,739 [INFO] Successfully fetched 250 rows for AAPL
2026-01-07 22:54:20,547 [INFO] Fetching AAPL (Attempt 1/3)
2026-01-07 22:54:20,741 [INFO] Successfully fetched 250 rows for AAPL
2026-01-07 22:59:21,495 [INFO] Fetching AAPL (Attempt 1/3)
2026-01-07 22:59:22,030 [INFO] Successfully fetched 250 rows for AAPL
2026-01-07 23:00:14,990 [INFO] Fetching AAPL (Attempt 1/3)
2026-01-07 23:00:15,192 [INFO] Successfully fetched 128 rows for AAPL
2026-01-07 23:00:15,193 [INFO] Fetching MSFT (Attempt 1/3)
2026-01-07 23:00:15,382 [INFO] Successfully fetched 128 rows for MSFT
2026-01-07 23:00:15,382 [INFO] Fetching GOOGL (Attempt 1/3)
2026-01-07 23:00:15,529 [INFO] Successfully fetched 128 rows for GOOGL
2026-01-07 23:02:38,949 [INFO] Fetching AAPL (Attempt 1/3)
2026-01-07 23:02:39,227 [INFO] Successfully fetched 1255 rows for AAPL
2026-01-07 23:02:39,228 [INFO] Fetching MSFT (Attempt 1/3)
2026-01-07 23:02:42,687 [INFO] Successfully fetched 1255 rows for MSFT
2026-01-07 23:02:42,687 [INFO] Fetching GOOGL (Attempt 1/3)
2026-01-07 23:02:42,892 [INFO] Successfully fetched 1255 rows for GOOGL
2026-01-07 23:14:30,349 [INFO] Fetching AAPL (Attempt 1/3)
2026-01-07 23:14:30,728 [INFO] Successfully fetched 1255 rows for AAPL
2026-01-07 23:14:30,729 [INFO] Fetching MSFT (Attempt 1/3)
2026-01-07 23:14:30,927 [INFO] Successfully fetched 1255 rows for MSFT
2026-01-07 23:14:30,927 [INFO] Fetching GOOGL (Attempt 1/3)
2026-01-07 23:14:31,094 [INFO] Successfully fetched 1255 rows for GOOGL
2026-01-07 23:16:11,394 [INFO] Fetching AAPL (Attempt 1/3)
2026-01-07 23:16:12,178 [INFO] Successfully fetched 250 rows for AAPL
2026-01-07 23:16:12,305 [INFO] Fetching AAPL (Attempt 1/3)
2026-01-07 23:16:12,435 [INFO] Successfully fetched 250 rows for AAPL
2026-01-07 23:21:13,496 [INFO] Fetching AAPL (Attempt 1/3)
2026-01-07 23:21:13,605 [INFO] Successfully fetched 250 rows for AAPL
2026-01-07 23:26:13,658 [INFO] Fetching AAPL (Attempt 1/3)
2026-01-07 23:26:13,841 [INFO] Successfully fetched 250 rows for AAPL
2026-01-07 23:29:47,664 [INFO] Fetching AAPL (Attempt 1/3)
2026-01-07 23:29:47,955 [INFO] Successfully fetched 1255 rows for AAPL
2026-01-07 23:29:47,956 [INFO] Fetching MSFT (Attempt 1/3)
2026-01-07 23:29:48,160 [INFO] Successfully fetched 1255 rows for MSFT
2026-01-07 23:29:48,161 [INFO] Fetching GOOGL (Attempt 1/3)
2026-01-07 23:29:48,375 [INFO] Successfully fetched 1255 rows for GOOGL
2026-01-07 23:29:48,376 [INFO] Fetching STEP (Attempt 1/3)
2026-01-07 23:29:48,559 [INFO] Successfully fetched 1255 rows for STEP
2026-01-07 23:30:00,464 [INFO] Fetching AAPL (Attempt 1/3)
2026-01-07 23:30:00,690 [INFO] Successfully fetched 128 rows for AAPL
2026-01-07 23:30:00,691 [INFO] Fetching MSFT (Attempt 1/3)
2026-01-07 23:30:00,846 [INFO] Successfully fetched 128 rows for MSFT
2026-01-07 23:30:00,846 [INFO] Fetching GOOGL (Attempt 1/3)
2026-01-07 23:30:00,974 [INFO] Successfully fetched 128 rows for GOOGL
2026-01-07 23:30:00,975 [INFO] Fetching STEP (Attempt 1/3)
2026-01-07 23:30:01,129 [INFO] Successfully fetched 128 rows for STEP
2026-01-07 23:33:54,676 [INFO] Fetching AAPL (Attempt 1/3)
2026-01-07 23:33:54,855 [INFO] Successfully fetched 250 rows for AAPL
2026-01-07 23:35:01,334 [INFO] Fetching AAPL (Attempt 1/3)
2026-01-07 23:35:01,510 [INFO] Successfully fetched 128 rows for AAPL
2026-01-07 23:35:01,510 [INFO] Fetching MSFT (Attempt 1/3)
2026-01-07 23:35:01,688 [INFO] Successfully fetched 128 rows for MSFT
2026-01-07 23:35:01,689 [INFO] Fetching GOOGL (Attempt 1/3)
2026-01-07 23:35:01,823 [INFO] Successfully fetched 128 rows for GOOGL
2026-01-07 23:35:01,823 [INFO] Fetching STEP (Attempt 1/3)
2026-01-07 23:35:01,944 [INFO] Successfully fetched 128 rows for STEP
2026-01-07 23:38:54,887 [INFO] Fetching AAPL (Attempt 1/3)
2026-01-07 23:38:55,082 [INFO] Successfully fetched 250 rows for AAPL
2026-01-08 11:21:09,514 [INFO] Fetching AAPL (Attempt 1/3)
2026-01-08 11:21:10,993 [INFO] Successfully fetched 250 rows for AAPL
2026-01-08 11:21:11,559 [INFO] Fetching AAPL (Attempt 1/3)
2026-01-08 11:21:11,805 [INFO] Successfully fetched 250 rows for AAPL
2026-01-08 11:21:22,912 [INFO] Fetching AAPL (Attempt 1/3)
2026-01-08 11:21:23,167 [INFO] Successfully fetched 502 rows for AAPL
2026-01-08 11:21:23,168 [INFO] Fetching MSFT (Attempt 1/3)
2026-01-08 11:21:23,383 [INFO] Successfully fetched 502 rows for MSFT
2026-01-08 11:21:23,385 [INFO] Fetching GOOGL (Attempt 1/3)
2026-01-08 11:21:23,599 [INFO] Successfully fetched 502 rows for GOOGL
2026-01-08 11:41:41,023 [INFO] Fetching AAPL (Attempt 1/3)
2026-01-08 11:41:41,874 [INFO] Successfully fetched 250 rows for AAPL
2026-01-08 11:41:42,215 [INFO] Fetching AAPL (Attempt 1/3)
2026-01-08 11:41:42,707 [INFO] Successfully fetched 250 rows for AAPL
2026-01-08 11:42:54,452 [INFO] Fetching GOOGL (Attempt 1/3)
2026-01-08 11:42:54,638 [INFO] Successfully fetched 250 rows for GOOGL
2026-01-08 11:43:06,145 [INFO] Fetching GOOGL (Attempt 1/3)
2026-01-08 11:43:06,337 [INFO] Successfully fetched 502 rows for GOOGL
2026-01-08 11:43:11,539 [INFO] Fetching GOOGL (Attempt 1/3)
2026-01-08 11:43:11,742 [INFO] Successfully fetched 1255 rows for GOOGL
2026-01-08 11:44:33,992 [INFO] Fetching AAPL (Attempt 1/3)
2026-01-08 11:44:34,276 [INFO] Successfully fetched 502 rows for AAPL
2026-01-08 11:44:34,277 [INFO] Fetching MSFT (Attempt 1/3)
2026-01-08 11:44:34,456 [INFO] Successfully fetched 502 rows for MSFT
2026-01-08 11:44:34,457 [INFO] Fetching GOOGL (Attempt 1/3)
2026-01-08 11:44:34,612 [INFO] Successfully fetched 502 rows for GOOGL
2026-01-08 11:45:56,147 [INFO] Fetching GOOGL (Attempt 1/3)
2026-01-08 11:45:56,347 [INFO] Successfully fetched 1255 rows for GOOGL
2026-01-08 11:46:00,515 [INFO] Fetching GOOGL (Attempt 1/3)
2026-01-08 11:46:00,787 [INFO] Successfully fetched 1255 rows for GOOGL
2026-01-08 11:46:01,133 [INFO] Fetching GOOGL (Attempt 1/3)
2026-01-08 11:46:01,297 [INFO] Successfully fetched 1255 rows for GOOGL
2026-01-08 11:49:35,637 [INFO] Fetching AAPL (Attempt 1/3)
2026-01-08 11:49:35,865 [INFO] Successfully fetched 502 rows for AAPL
2026-01-08 11:49:35,865 [INFO] Fetching MSFT (Attempt 1/3)
2026-01-08 11:49:36,073 [INFO] Successfully fetched 502 rows for MSFT
2026-01-08 11:49:36,074 [INFO] Fetching GOOGL (Attempt 1/3)
2026-01-08 11:49:36,246 [INFO] Successfully fetched 502 rows for GOOGL
2026-01-08 11:51:02,643 [INFO] Fetching GOOGL (Attempt 1/3)
2026-01-08 11:51:02,862 [INFO] Successfully fetched 1255 rows for GOOGL
2026-01-08 11:51:03,574 [INFO] Fetching GOOGL (Attempt 1/3)
2026-01-08 11:51:03,825 [INFO] Successfully fetched 1255 rows for GOOGL
2026-01-08 11:54:18,120 [INFO] Fetching AAPL (Attempt 1/3)
2026-01-08 11:54:18,364 [INFO] Successfully fetched 250 rows for AAPL
2026-01-08 11:54:18,458 [INFO] Fetching AAPL (Attempt 1/3)
2026-01-08 11:54:18,648 [INFO] Successfully fetched 250 rows for AAPL
2026-01-08 11:54:19,819 [INFO] Fetching AAPL (Attempt 1/3)
2026-01-08 11:54:20,063 [INFO] Successfully fetched 250 rows for AAPL
2026-01-08 11:54:20,087 [INFO] Fetching AAPL (Attempt 1/3)
2026-01-08 11:54:20,223 [INFO] Successfully fetched 250 rows for AAPL
2026-01-08 11:55:37,706 [INFO] Fetching AAPL (Attempt 1/3)
2026-01-08 11:55:37,932 [INFO] Successfully fetched 250 rows for AAPL
2026-01-08 11:55:38,073 [INFO] Fetching AAPL (Attempt 1/3)
2026-01-08 11:55:38,333 [INFO] Successfully fetched 250 rows for AAPL
2026-01-08 11:59:04,209 [INFO] Fetching AAPL (Attempt 1/3)
2026-01-08 11:59:04,567 [INFO] Successfully fetched 250 rows for AAPL
2026-01-08 11:59:04,824 [INFO] Fetching AAPL (Attempt 1/3)
2026-01-08 11:59:05,087 [INFO] Successfully fetched 250 rows for AAPL
2026-01-08 11:59:08,627 [INFO] Fetching AAPL (Attempt 1/3)
2026-01-08 11:59:08,774 [INFO] Successfully fetched 250 rows for AAPL
2026-01-08 12:00:42,589 [INFO] Fetching AAPL (Attempt 1/3)
2026-01-08 12:00:43,088 [INFO] Successfully fetched 250 rows for AAPL
2026-01-08 12:00:43,505 [INFO] Fetching AAPL (Attempt 1/3)
2026-01-08 12:00:43,925 [INFO] Successfully fetched 250 rows for AAPL
2026-01-08 12:00:51,473 [INFO] Fetching AAPL (Attempt 1/3)
2026-01-08 12:00:51,604 [INFO] Successfully fetched 250 rows for AAPL
2026-01-08 12:00:57,958 [INFO] Fetching AAPL (Attempt 1/3)
2026-01-08 12:00:58,210 [INFO] Successfully fetched 250 rows for AAPL
2026-01-08 12:00:58,475 [INFO] Fetching AAPL (Attempt 1/3)
2026-01-08 12:00:58,658 [INFO] Successfully fetched 250 rows for AAPL
2026-01-08 12:04:03,103 [INFO] Fetching AAPL (Attempt 1/3)
2026-01-08 12:04:03,339 [INFO] Successfully fetched 502 rows for AAPL
2026-01-08 12:04:03,339 [INFO] Fetching MSFT (Attempt 1/3)
2026-01-08 12:04:03,534 [INFO] Successfully fetched 502 rows for MSFT
2026-01-08 12:04:03,535 [INFO] Fetching GOOGL (Attempt 1/3)
2026-01-08 12:04:03,702 [INFO] Successfully fetched 502 rows for GOOGL
2026-01-08 12:05:59,480 [INFO] Fetching AAPL (Attempt 1/3)
2026-01-08 12:05:59,671 [INFO] Successfully fetched 250 rows for AAPL
2026-01-08 12:05:59,822 [INFO] Fetching AAPL (Attempt 1/3)
2026-01-08 12:06:00,019 [INFO] Successfully fetched 250 rows for AAPL
2026-01-08 12:09:04,673 [INFO] Fetching AAPL (Attempt 1/3)
2026-01-08 12:09:05,200 [INFO] Successfully fetched 502 rows for AAPL
2026-01-08 12:09:05,201 [INFO] Fetching MSFT (Attempt 1/3)
2026-01-08 12:09:05,417 [INFO] Successfully fetched 502 rows for MSFT
2026-01-08 12:09:05,418 [INFO] Fetching GOOGL (Attempt 1/3)
2026-01-08 12:09:05,562 [INFO] Successfully fetched 502 rows for GOOGL
2026-01-08 12:14:05,746 [INFO] Fetching AAPL (Attempt 1/3)
2026-01-08 12:14:05,995 [INFO] Successfully fetched 502 rows for AAPL
2026-01-08 12:14:05,997 [INFO] Fetching MSFT (Attempt 1/3)
2026-01-08 12:14:06,198 [INFO] Successfully fetched 502 rows for MSFT
2026-01-08 12:14:06,199 [INFO] Fetching GOOGL (Attempt 1/3)
2026-01-08 12:14:06,369 [INFO] Successfully fetched 502 rows for GOOGL
2026-01-08 12:14:57,376 [INFO] Fetching AAPL (Attempt 1/3)
2026-01-08 12:14:57,594 [INFO] Successfully fetched 250 rows for AAPL
2026-01-08 12:14:57,795 [INFO] Fetching AAPL (Attempt 1/3)
2026-01-08 12:14:57,969 [INFO] Successfully fetched 250 rows for AAPL
2026-01-08 12:19:06,641 [INFO] Fetching AAPL (Attempt 1/3)
2026-01-08 12:19:06,883 [INFO] Successfully fetched 502 rows for AAPL
2026-01-08 12:19:06,885 [INFO] Fetching MSFT (Attempt 1/3)
2026-01-08 12:19:07,105 [INFO] Successfully fetched 502 rows for MSFT
2026-01-08 12:19:07,107 [INFO] Fetching GOOGL (Attempt 1/3)
2026-01-08 12:19:07,272 [INFO] Successfully fetched 502 rows for GOOGL
2026-01-08 12:19:58,634 [INFO] Fetching AAPL (Attempt 1/3)
2026-01-08 12:19:58,960 [INFO] Successfully fetched 250 rows for AAPL
2026-01-08 12:19:59,314 [INFO] Fetching AAPL (Attempt 1/3)
2026-01-08 12:19:59,540 [INFO] Successfully fetched 250 rows for AAPL
2026-01-08 12:22:06,913 [INFO] Fetching AAPL (Attempt 1/3)
2026-01-08 12:22:07,260 [INFO] Successfully fetched 250 rows for AAPL
2026-01-08 12:22:07,532 [INFO] Fetching AAPL (Attempt 1/3)
2026-01-08 12:22:07,889 [INFO] Successfully fetched 250 rows for AAPL
2026-01-08 12:23:08,607 [INFO] Fetching AAPL (Attempt 1/3)
2026-01-08 12:23:08,820 [INFO] Successfully fetched 250 rows for AAPL
2026-01-08 12:23:09,077 [INFO] Fetching AAPL (Attempt 1/3)
2026-01-08 12:23:09,325 [INFO] Successfully fetched 250 rows for AAPL
2026-01-08 15:05:34,203 [INFO] Fetching AAPL (Attempt 1/3)
2026-01-08 15:05:34,757 [INFO] Successfully fetched 250 rows for AAPL
2026-01-08 15:05:35,196 [INFO] Fetching AAPL (Attempt 1/3)
2026-01-08 15:05:35,474 [INFO] Successfully fetched 250 rows for AAPL
2026-01-08 15:10:35,839 [INFO] Fetching AAPL (Attempt 1/3)
2026-01-08 15:10:36,086 [INFO] Successfully fetched 250 rows for AAPL
2026-01-08 15:15:36,843 [INFO] Fetching AAPL (Attempt 1/3)
2026-01-08 15:15:37,304 [INFO] Successfully fetched 250 rows for AAPL
2026-01-08 15:20:11,888 [INFO] Fetching AAPL (Attempt 1/3)
2026-01-08 15:20:12,539 [INFO] Successfully fetched 502 rows for AAPL
2026-01-08 15:20:12,540 [INFO] Fetching MSFT (Attempt 1/3)
2026-01-08 15:20:12,776 [INFO] Successfully fetched 502 rows for MSFT
2026-01-08 15:20:12,777 [INFO] Fetching GOOGL (Attempt 1/3)
2026-01-08 15:20:12,991 [INFO] Successfully fetched 502 rows for GOOGL
2026-01-08 15:20:37,845 [INFO] Fetching AAPL (Attempt 1/3)
2026-01-08 15:20:37,986 [INFO] Successfully fetched 250 rows for AAPL
2026-01-08 15:25:13,078 [INFO] Fetching AAPL (Attempt 1/3)
2026-01-08 15:25:13,817 [INFO] Successfully fetched 502 rows for AAPL
2026-01-08 15:25:13,818 [INFO] Fetching MSFT (Attempt 1/3)
2026-01-08 15:25:14,288 [INFO] Successfully fetched 502 rows for MSFT
2026-01-08 15:25:14,289 [INFO] Fetching GOOGL (Attempt 1/3)
2026-01-08 15:25:14,626 [INFO] Successfully fetched 502 rows for GOOGL
2026-01-08 15:25:38,059 [INFO] Fetching AAPL (Attempt 1/3)
2026-01-08 15:25:38,393 [INFO] Successfully fetched 250 rows for AAPL
2026-01-08 15:30:14,835 [INFO] Fetching AAPL (Attempt 1/3)
2026-01-08 15:30:15,610 [INFO] Successfully fetched 503 rows for AAPL
2026-01-08 15:30:15,612 [INFO] Fetching MSFT (Attempt 1/3)
2026-01-08 15:30:16,064 [INFO] Successfully fetched 503 rows for MSFT
2026-01-08 15:30:16,065 [INFO] Fetching GOOGL (Attempt 1/3)
2026-01-08 15:30:16,646 [INFO] Successfully fetched 503 rows for GOOGL
2026-01-08 15:30:38,437 [INFO] Fetching AAPL (Attempt 1/3)
2026-01-08 15:30:38,858 [INFO] Successfully fetched 251 rows for AAPL
2026-01-08 15:33:25,841 [INFO] Fetching AAPL (Attempt 1/3)
2026-01-08 15:33:27,858 [INFO] Successfully fetched 251 rows for AAPL
2026-01-08 15:33:37,865 [INFO] Fetching AAPL (Attempt 1/3)
2026-01-08 15:33:38,251 [INFO] Successfully fetched 1256 rows for AAPL
2026-01-08 15:34:05,418 [INFO] Fetching AAPL (Attempt 1/3)
2026-01-08 15:34:06,452 [INFO] Successfully fetched 1256 rows for AAPL
2026-01-08 15:34:06,990 [INFO] Fetching AAPL (Attempt 1/3)
2026-01-08 15:34:07,268 [INFO] Successfully fetched 1256 rows for AAPL
2026-01-08 15:35:17,834 [INFO] Fetching AAPL (Attempt 1/3)
2026-01-08 15:35:18,240 [INFO] Successfully fetched 503 rows for AAPL
2026-01-08 15:35:18,240 [INFO] Fetching MSFT (Attempt 1/3)
2026-01-08 15:35:18,715 [INFO] Successfully fetched 503 rows for MSFT
2026-01-08 15:35:18,715 [INFO] Fetching GOOGL (Attempt 1/3)
2026-01-08 15:35:19,103 [INFO] Successfully fetched 503 rows for GOOGL
2026-01-08 15:36:43,972 [INFO] Fetching AAPL (Attempt 1/3)
2026-01-08 15:36:44,677 [INFO] Successfully fetched 1256 rows for AAPL
2026-01-08 15:36:45,324 [INFO] Fetching AAPL (Attempt 1/3)
2026-01-08 15:36:45,586 [INFO] Successfully fetched 1256 rows for AAPL
2026-01-08 15:39:25,683 [INFO] Fetching AAPL (Attempt 1/3)
2026-01-08 15:39:26,192 [INFO] Successfully fetched 503 rows for AAPL
2026-01-08 15:39:26,194 [INFO] Fetching MSFT (Attempt 1/3)
2026-01-08 15:39:26,452 [INFO] Successfully fetched 503 rows for MSFT
2026-01-08 15:39:26,454 [INFO] Fetching GOOGL (Attempt 1/3)
2026-01-08 15:39:27,209 [INFO] Successfully fetched 503 rows for GOOGL
2026-01-08 15:41:47,845 [INFO] Fetching AAPL (Attempt 1/3)
2026-01-08 15:41:48,457 [INFO] Successfully fetched 1256 rows for AAPL
2026-01-08 15:41:49,169 [INFO] Fetching AAPL (Attempt 1/3)
2026-01-08 15:41:49,434 [INFO] Successfully fetched 1256 rows for AAPL
2026-01-08 15:44:19,639 [INFO] Fetching AAPL (Attempt 1/3)
2026-01-08 15:44:20,344 [INFO] Successfully fetched 503 rows for AAPL
2026-01-08 15:44:20,812 [INFO] Fetching MSFT (Attempt 1/3)
2026-01-08 15:44:21,230 [INFO] Successfully fetched 503 rows for MSFT
2026-01-08 15:44:21,232 [INFO] Fetching GOOGL (Attempt 1/3)
2026-01-08 15:44:21,440 [INFO] Successfully fetched 503 rows for GOOGL
2026-01-08 15:44:34,178 [INFO] Fetching AAPL (Attempt 1/3)
2026-01-08 15:44:34,568 [INFO] Successfully fetched 503 rows for AAPL
2026-01-08 15:44:35,034 [INFO] Fetching MSFT (Attempt 1/3)
2026-01-08 15:44:35,365 [INFO] Successfully fetched 503 rows for MSFT
2026-01-08 15:44:35,753 [INFO] Fetching GOOGL (Attempt 1/3)
2026-01-08 15:44:35,981 [INFO] Successfully fetched 503 rows for GOOGL
2026-01-08 15:44:47,667 [INFO] Fetching AAPL (Attempt 1/3)
2026-01-08 15:44:47,962 [INFO] Successfully fetched 503 rows for AAPL
2026-01-08 15:44:48,439 [INFO] Fetching MSFT (Attempt 1/3)
2026-01-08 15:44:49,196 [INFO] Successfully fetched 503 rows for MSFT
2026-01-08 15:44:49,562 [INFO] Fetching GOOGL (Attempt 1/3)
2026-01-08 15:44:50,829 [INFO] Successfully fetched 503 rows for GOOGL
2026-01-08 15:46:51,835 [INFO] Fetching AAPL (Attempt 1/3)
2026-01-08 15:46:52,173 [INFO] Successfully fetched 1256 rows for AAPL
2026-01-08 15:46:52,693 [INFO] Fetching AAPL (Attempt 1/3)
2026-01-08 15:46:53,119 [INFO] Successfully fetched 1256 rows for AAPL
2026-01-08 15:49:51,554 [INFO] Fetching AAPL (Attempt 1/3)
2026-01-08 15:49:51,755 [INFO] Successfully fetched 503 rows for AAPL
2026-01-08 15:49:52,021 [INFO] Fetching MSFT (Attempt 1/3)
2026-01-08 15:49:52,236 [INFO] Successfully fetched 503 rows for MSFT
2026-01-08 15:49:52,380 [INFO] Fetching GOOGL (Attempt 1/3)
2026-01-08 15:49:52,539 [INFO] Successfully fetched 503 rows for GOOGL
2026-01-08 15:49:58,802 [INFO] Fetching AAPL (Attempt 1/3)
2026-01-08 15:49:59,039 [INFO] Successfully fetched 503 rows for AAPL
2026-01-08 15:49:59,040 [INFO] Fetching MSFT (Attempt 1/3)
2026-01-08 15:49:59,216 [INFO] Successfully fetched 503 rows for MSFT
2026-01-08 15:49:59,217 [INFO] Fetching GOOGL (Attempt 1/3)
2026-01-08 15:49:59,447 [INFO] Successfully fetched 503 rows for GOOGL
2026-01-08 15:50:07,023 [INFO] Fetching AAPL (Attempt 1/3)
2026-01-08 15:50:07,130 [INFO] Successfully fetched 503 rows for AAPL
2026-01-08 15:50:07,132 [INFO] Fetching MSFT (Attempt 1/3)
2026-01-08 15:50:07,331 [INFO] Successfully fetched 503 rows for MSFT
2026-01-08 15:50:07,573 [INFO] Fetching GOOGL (Attempt 1/3)
2026-01-08 15:50:07,769 [INFO] Successfully fetched 503 rows for GOOGL
2026-01-08 15:50:19,515 [INFO] Fetching AAPL (Attempt 1/3)
2026-01-08 15:50:19,757 [INFO] Successfully fetched 503 rows for AAPL
2026-01-08 15:50:19,758 [INFO] Fetching MSFT (Attempt 1/3)
2026-01-08 15:50:20,031 [INFO] Successfully fetched 503 rows for MSFT
2026-01-08 15:50:20,286 [INFO] Fetching GOOGL (Attempt 1/3)
2026-01-08 15:50:20,489 [INFO] Successfully fetched 503 rows for GOOGL
2026-01-08 15:51:54,853 [INFO] Fetching AAPL (Attempt 1/3)
2026-01-08 15:51:55,160 [INFO] Successfully fetched 1256 rows for AAPL
2026-01-08 15:51:55,600 [INFO] Fetching AAPL (Attempt 1/3)
2026-01-08 15:51:55,859 [INFO] Successfully fetched 1256 rows for AAPL
2026-01-08 15:54:01,851 [INFO] Fetching AAPL (Attempt 1/3)
2026-01-08 15:54:02,106 [INFO] Successfully fetched 503 rows for AAPL
2026-01-08 15:54:02,108 [INFO] Fetching MSFT (Attempt 1/3)
2026-01-08 15:54:02,282 [INFO] Successfully fetched 503 rows for MSFT
2026-01-08 15:54:02,552 [INFO] Fetching GOOGL (Attempt 1/3)
2026-01-08 15:54:02,716 [INFO] Successfully fetched 503 rows for GOOGL
2026-01-08 15:54:15,410 [INFO] Fetching AAPL (Attempt 1/3)
2026-01-08 15:54:15,672 [INFO] Successfully fetched 503 rows for AAPL
2026-01-08 15:54:15,673 [INFO] Fetching MSFT (Attempt 1/3)
2026-01-08 15:54:15,846 [INFO] Successfully fetched 503 rows for MSFT
2026-01-08 15:54:15,847 [INFO] Fetching GOOGL (Attempt 1/3)
2026-01-08 15:54:16,008 [INFO] Successfully fetched 503 rows for GOOGL
2026-01-08 15:54:28,686 [INFO] Fetching AAPL (Attempt 1/3)
2026-01-08 15:54:28,887 [INFO] Successfully fetched 503 rows for AAPL
2026-01-08 15:54:28,890 [INFO] Fetching MSFT (Attempt 1/3)
2026-01-08 15:54:29,093 [INFO] Successfully fetched 503 rows for MSFT
2026-01-08 15:54:29,094 [INFO] Fetching GOOGL (Attempt 1/3)
2026-01-08 15:54:29,263 [INFO] Successfully fetched 503 rows for GOOGL
2026-01-08 15:54:38,124 [INFO] Fetching AAPL (Attempt 1/3)
2026-01-08 15:54:38,412 [INFO] Successfully fetched 503 rows for AAPL
2026-01-08 15:54:38,415 [INFO] Fetching MSFT (Attempt 1/3)
2026-01-08 15:54:38,627 [INFO] Successfully fetched 503 rows for MSFT
2026-01-08 15:54:38,850 [INFO] Fetching GOOGL (Attempt 1/3)
2026-01-08 15:54:39,043 [INFO] Successfully fetched 503 rows for GOOGL
2026-01-08 15:55:02,257 [INFO] Fetching AAPL (Attempt 1/3)
2026-01-08 15:55:02,510 [INFO] Successfully fetched 503 rows for AAPL
2026-01-08 15:55:02,736 [INFO] Fetching MSFT (Attempt 1/3)
2026-01-08 15:55:02,912 [INFO] Successfully fetched 503 rows for MSFT
2026-01-08 15:55:03,161 [INFO] Fetching GOOGL (Attempt 1/3)
2026-01-08 15:55:03,311 [INFO] Successfully fetched 503 rows for GOOGL
2026-01-08 15:55:18,591 [INFO] Fetching AAPL (Attempt 1/3)
2026-01-08 15:55:18,867 [INFO] Successfully fetched 503 rows for AAPL
2026-01-08 15:55:19,148 [INFO] Fetching MSFT (Attempt 1/3)
2026-01-08 15:55:19,332 [INFO] Successfully fetched 503 rows for MSFT
2026-01-08 15:55:19,336 [INFO] Fetching GOOGL (Attempt 1/3)
2026-01-08 15:55:19,494 [INFO] Successfully fetched 503 rows for GOOGL
2026-01-08 15:56:44,003 [INFO] Fetching AAPL (Attempt 1/3)
2026-01-08 15:56:44,215 [INFO] Successfully fetched 503 rows for AAPL
2026-01-08 15:56:44,216 [INFO] Fetching MSFT (Attempt 1/3)
2026-01-08 15:56:44,423 [INFO] Successfully fetched 503 rows for MSFT
2026-01-08 15:56:44,423 [INFO] Fetching GOOGL (Attempt 1/3)
2026-01-08 15:56:44,621 [INFO] Successfully fetched 503 rows for GOOGL
2026-01-08 15:59:11,021 [INFO] Fetching AAPL (Attempt 1/3)
2026-01-08 15:59:11,154 [INFO] Successfully fetched 251 rows for AAPL
2026-01-08 15:59:11,436 [INFO] Fetching AAPL (Attempt 1/3)
2026-01-08 15:59:11,817 [INFO] Successfully fetched 251 rows for AAPL
2026-01-08 15:59:41,283 [INFO] Fetching AAPL (Attempt 1/3)
2026-01-08 15:59:41,515 [INFO] Successfully fetched 503 rows for AAPL
2026-01-08 15:59:41,515 [INFO] Fetching MSFT (Attempt 1/3)
2026-01-08 15:59:41,688 [INFO] Successfully fetched 503 rows for MSFT
2026-01-08 15:59:41,690 [INFO] Fetching GOOGL (Attempt 1/3)
2026-01-08 15:59:41,853 [INFO] Successfully fetched 503 rows for GOOGL
2026-01-08 15:59:49,560 [INFO] Fetching AAPL (Attempt 1/3)
2026-01-08 15:59:49,767 [INFO] Successfully fetched 503 rows for AAPL
2026-01-08 15:59:49,768 [INFO] Fetching MSFT (Attempt 1/3)
2026-01-08 15:59:49,953 [INFO] Successfully fetched 503 rows for MSFT
2026-01-08 15:59:50,213 [INFO] Fetching GOOGL (Attempt 1/3)
2026-01-08 15:59:50,394 [INFO] Successfully fetched 503 rows for GOOGL
2026-01-08 16:04:12,241 [INFO] Fetching AAPL (Attempt 1/3)
2026-01-08 16:04:12,631 [INFO] Successfully fetched 251 rows for AAPL
2026-01-08 16:04:46,608 [INFO] Fetching AAPL (Attempt 1/3)
2026-01-08 16:04:47,468 [INFO] Successfully fetched 251 rows for AAPL
2026-01-08 16:04:47,684 [INFO] Fetching AAPL (Attempt 1/3)
2026-01-08 16:04:47,976 [INFO] Successfully fetched 251 rows for AAPL
2026-01-08 16:04:51,235 [INFO] Fetching AAPL (Attempt 1/3)
2026-01-08 16:04:51,504 [INFO] Successfully fetched 503 rows for AAPL
2026-01-08 16:04:51,505 [INFO] Fetching MSFT (Attempt 1/3)
2026-01-08 16:04:51,717 [INFO] Successfully fetched 503 rows for MSFT
2026-01-08 16:04:51,718 [INFO] Fetching GOOGL (Attempt 1/3)
2026-01-08 16:04:51,901 [INFO] Successfully fetched 503 rows for GOOGL
2026-01-08 16:04:58,507 [INFO] Fetching AAPL (Attempt 1/3)
2026-01-08 16:04:58,710 [INFO] Successfully fetched 503 rows for AAPL
2026-01-08 16:04:58,712 [INFO] Fetching MSFT (Attempt 1/3)
2026-01-08 16:04:58,906 [INFO] Successfully fetched 503 rows for MSFT
2026-01-08 16:04:59,155 [INFO] Fetching GOOGL (Attempt 1/3)
2026-01-08 16:04:59,308 [INFO] Successfully fetched 503 rows for GOOGL
2026-01-08 16:08:36,718 [INFO] Fetching AAPL (Attempt 1/3)
2026-01-08 16:08:37,417 [INFO] Successfully fetched 251 rows for AAPL
2026-01-08 16:08:37,714 [INFO] Fetching AAPL (Attempt 1/3)
2026-01-08 16:08:37,967 [INFO] Successfully fetched 251 rows for AAPL
2026-01-08 16:08:41,673 [INFO] Fetching AAPL (Attempt 1/3)
2026-01-08 16:08:41,893 [INFO] Successfully fetched 503 rows for AAPL
2026-01-08 16:08:41,894 [INFO] Fetching MSFT (Attempt 1/3)
2026-01-08 16:08:42,220 [INFO] Successfully fetched 503 rows for MSFT
2026-01-08 16:08:42,220 [INFO] Fetching GOOGL (Attempt 1/3)
2026-01-08 16:08:42,380 [INFO] Successfully fetched 503 rows for GOOGL
2026-01-08 16:08:49,763 [INFO] Fetching AAPL (Attempt 1/3)
2026-01-08 16:08:49,927 [INFO] Successfully fetched 503 rows for AAPL
2026-01-08 16:08:49,928 [INFO] Fetching MSFT (Attempt 1/3)
2026-01-08 16:08:50,136 [INFO] Successfully fetched 503 rows for MSFT
2026-01-08 16:08:50,139 [INFO] Fetching GOOGL (Attempt 1/3)
2026-01-08 16:08:50,297 [INFO] Successfully fetched 503 rows for GOOGL
2026-01-08 16:08:55,953 [INFO] Fetching AAPL (Attempt 1/3)
2026-01-08 16:08:56,078 [INFO] Successfully fetched 503 rows for AAPL
2026-01-08 16:08:56,079 [INFO] Fetching MSFT (Attempt 1/3)
2026-01-08 16:08:56,273 [INFO] Successfully fetched 503 rows for MSFT
2026-01-08 16:08:56,275 [INFO] Fetching GOOGL (Attempt 1/3)
2026-01-08 16:08:56,478 [INFO] Successfully fetched 503 rows for GOOGL
2026-01-08 16:09:28,559 [INFO] Fetching AAPL (Attempt 1/3)
2026-01-08 16:09:28,809 [INFO] Successfully fetched 503 rows for AAPL
2026-01-08 16:09:28,810 [INFO] Fetching MSFT (Attempt 1/3)
2026-01-08 16:09:29,013 [INFO] Successfully fetched 503 rows for MSFT
2026-01-08 16:09:29,016 [INFO] Fetching GOOGL (Attempt 1/3)
2026-01-08 16:09:29,197 [INFO] Successfully fetched 503 rows for GOOGL
2026-01-08 16:09:34,115 [INFO] Fetching AAPL (Attempt 1/3)
2026-01-08 16:09:34,319 [INFO] Successfully fetched 503 rows for AAPL
2026-01-08 16:09:34,322 [INFO] Fetching MSFT (Attempt 1/3)
2026-01-08 16:09:34,440 [INFO] Successfully fetched 503 rows for MSFT
2026-01-08 16:09:34,441 [INFO] Fetching GOOGL (Attempt 1/3)
2026-01-08 16:09:34,676 [INFO] Successfully fetched 503 rows for GOOGL
2026-01-08 16:09:43,201 [INFO] Fetching AAPL (Attempt 1/3)
2026-01-08 16:09:43,547 [INFO] Successfully fetched 503 rows for AAPL
2026-01-08 16:09:43,549 [INFO] Fetching MSFT (Attempt 1/3)
2026-01-08 16:09:43,781 [INFO] Successfully fetched 503 rows for MSFT
2026-01-08 16:09:43,783 [INFO] Fetching GOOGL (Attempt 1/3)
2026-01-08 16:09:43,944 [INFO] Successfully fetched 503 rows for GOOGL
2026-01-08 16:10:52,952 [INFO] Fetching AAPL (Attempt 1/3)
2026-01-08 16:10:53,170 [INFO] Successfully fetched 503 rows for AAPL
2026-01-08 16:10:53,427 [INFO] Fetching MSFT (Attempt 1/3)
2026-01-08 16:10:53,626 [INFO] Successfully fetched 503 rows for MSFT
2026-01-08 16:10:53,861 [INFO] Fetching GOOGL (Attempt 1/3)
2026-01-08 16:10:54,013 [INFO] Successfully fetched 503 rows for GOOGL
2026-01-08 16:11:59,516 [INFO] Fetching AAPL (Attempt 1/3)
2026-01-08 16:11:59,935 [INFO] Successfully fetched 251 rows for AAPL
2026-01-08 16:12:00,094 [INFO] Fetching AAPL (Attempt 1/3)
2026-01-08 16:12:00,404 [INFO] Successfully fetched 251 rows for AAPL
2026-01-08 16:12:03,960 [INFO] Fetching AAPL (Attempt 1/3)
2026-01-08 16:12:04,194 [INFO] Successfully fetched 503 rows for AAPL
2026-01-08 16:12:04,196 [INFO] Fetching MSFT (Attempt 1/3)
2026-01-08 16:12:04,385 [INFO] Successfully fetched 503 rows for MSFT
2026-01-08 16:12:04,387 [INFO] Fetching GOOGL (Attempt 1/3)
2026-01-08 16:12:04,572 [INFO] Successfully fetched 503 rows for GOOGL
2026-01-08 16:16:18,500 [INFO] Fetching AAPL (Attempt 1/3)
2026-01-08 16:16:19,314 [INFO] Successfully fetched 251 rows for AAPL
2026-01-08 16:16:19,626 [INFO] Fetching AAPL (Attempt 1/3)
2026-01-08 16:16:19,905 [INFO] Successfully fetched 251 rows for AAPL
2026-01-08 16:16:24,231 [INFO] Fetching AAPL (Attempt 1/3)
2026-01-08 16:16:24,477 [INFO] Successfully fetched 503 rows for AAPL
2026-01-08 16:16:24,480 [INFO] Fetching MSFT (Attempt 1/3)
2026-01-08 16:16:24,691 [INFO] Successfully fetched 503 rows for MSFT
2026-01-08 16:16:24,692 [INFO] Fetching GOOGL (Attempt 1/3)
2026-01-08 16:16:24,879 [INFO] Successfully fetched 503 rows for GOOGL
2026-01-08 16:17:06,345 [INFO] Fetching AAPL (Attempt 1/3)
2026-01-08 16:17:06,706 [INFO] Successfully fetched 251 rows for AAPL
2026-01-08 16:17:06,821 [INFO] Fetching AAPL (Attempt 1/3)
2026-01-08 16:17:07,149 [INFO] Successfully fetched 251 rows for AAPL
2026-01-08 16:17:10,207 [INFO] Fetching AAPL (Attempt 1/3)
2026-01-08 16:17:10,453 [INFO] Successfully fetched 503 rows for AAPL
2026-01-08 16:17:10,454 [INFO] Fetching MSFT (Attempt 1/3)
2026-01-08 16:17:10,671 [INFO] Successfully fetched 503 rows for MSFT
2026-01-08 16:17:10,672 [INFO] Fetching GOOGL (Attempt 1/3)
2026-01-08 16:17:10,927 [INFO] Successfully fetched 503 rows for GOOGL
2026-01-08 16:17:15,310 [INFO] Fetching AAPL (Attempt 1/3)
2026-01-08 16:17:15,582 [INFO] Successfully fetched 503 rows for AAPL
2026-01-08 16:17:15,583 [INFO] Fetching MSFT (Attempt 1/3)
2026-01-08 16:17:15,816 [INFO] Successfully fetched 503 rows for MSFT
2026-01-08 16:17:15,817 [INFO] Fetching GOOGL (Attempt 1/3)
2026-01-08 16:17:16,003 [INFO] Successfully fetched 503 rows for GOOGL
2026-01-08 16:17:21,841 [INFO] Fetching AAPL (Attempt 1/3)
2026-01-08 16:17:22,146 [INFO] Successfully fetched 503 rows for AAPL
2026-01-08 16:17:22,147 [INFO] Fetching MSFT (Attempt 1/3)
2026-01-08 16:17:22,357 [INFO] Successfully fetched 503 rows for MSFT
2026-01-08 16:17:22,358 [INFO] Fetching GOOGL (Attempt 1/3)
2026-01-08 16:17:22,567 [INFO] Successfully fetched 503 rows for GOOGL
2026-01-08 16:17:31,058 [INFO] Fetching AAPL (Attempt 1/3)
2026-01-08 16:17:31,298 [INFO] Successfully fetched 503 rows for AAPL
2026-01-08 16:17:31,447 [INFO] Fetching MSFT (Attempt 1/3)
2026-01-08 16:17:31,649 [INFO] Successfully fetched 503 rows for MSFT
2026-01-08 16:17:31,921 [INFO] Fetching GOOGL (Attempt 1/3)
2026-01-08 16:17:32,088 [INFO] Successfully fetched 503 rows for GOOGL
2026-01-08 16:17:41,555 [INFO] Fetching AAPL (Attempt 1/3)
2026-01-08 16:17:41,806 [INFO] Successfully fetched 503 rows for AAPL
2026-01-08 16:17:42,018 [INFO] Fetching MSFT (Attempt 1/3)
2026-01-08 16:17:42,246 [INFO] Successfully fetched 503 rows for MSFT
2026-01-08 16:17:42,450 [INFO] Fetching GOOGL (Attempt 1/3)
2026-01-08 16:17:42,635 [INFO] Successfully fetched 503 rows for GOOGL
2026-01-08 16:19:21,249 [INFO] Fetching AAPL (Attempt 1/3)
2026-01-08 16:19:21,444 [INFO] Successfully fetched 503 rows for AAPL
2026-01-08 16:19:21,654 [INFO] Fetching MSFT (Attempt 1/3)
2026-01-08 16:19:21,831 [INFO] Successfully fetched 503 rows for MSFT
2026-01-08 16:19:21,837 [INFO] Fetching GOOGL (Attempt 1/3)
2026-01-08 16:19:21,996 [INFO] Successfully fetched 503 rows for GOOGL
2026-01-08 16:20:20,002 [INFO] Fetching AAPL (Attempt 1/3)
2026-01-08 16:20:20,718 [INFO] Successfully fetched 251 rows for AAPL
2026-01-08 16:20:21,275 [INFO] Fetching AAPL (Attempt 1/3)
2026-01-08 16:20:21,570 [INFO] Successfully fetched 251 rows for AAPL
2026-01-08 16:20:24,821 [INFO] Fetching AAPL (Attempt 1/3)
2026-01-08 16:20:25,067 [INFO] Successfully fetched 503 rows for AAPL
2026-01-08 16:20:25,068 [INFO] Fetching MSFT (Attempt 1/3)
2026-01-08 16:20:25,243 [INFO] Successfully fetched 503 rows for MSFT
2026-01-08 16:20:25,243 [INFO] Fetching GOOGL (Attempt 1/3)
2026-01-08 16:20:25,415 [INFO] Successfully fetched 503 rows for GOOGL
2026-01-08 16:20:31,382 [INFO] Fetching AAPL (Attempt 1/3)
2026-01-08 16:20:31,588 [INFO] Successfully fetched 503 rows for AAPL
2026-01-08 16:20:31,589 [INFO] Fetching MSFT (Attempt 1/3)
2026-01-08 16:20:31,770 [INFO] Successfully fetched 503 rows for MSFT
2026-01-08 16:20:31,772 [INFO] Fetching GOOGL (Attempt 1/3)
2026-01-08 16:20:31,957 [INFO] Successfully fetched 503 rows for GOOGL
2026-01-08 16:20:36,960 [INFO] Fetching AAPL (Attempt 1/3)
2026-01-08 16:20:37,161 [INFO] Successfully fetched 503 rows for AAPL
2026-01-08 16:20:37,163 [INFO] Fetching MSFT (Attempt 1/3)
2026-01-08 16:20:37,338 [INFO] Successfully fetched 503 rows for MSFT
2026-01-08 16:20:37,344 [INFO] Fetching GOOGL (Attempt 1/3)
2026-01-08 16:20:37,500 [INFO] Successfully fetched 503 rows for GOOGL
2026-01-08 16:20:42,578 [INFO] Fetching AAPL (Attempt 1/3)
2026-01-08 16:20:42,817 [INFO] Successfully fetched 503 rows for AAPL
2026-01-08 16:20:42,818 [INFO] Fetching MSFT (Attempt 1/3)
2026-01-08 16:20:43,048 [INFO] Successfully fetched 503 rows for MSFT
2026-01-08 16:20:43,050 [INFO] Fetching GOOGL (Attempt 1/3)
2026-01-08 16:20:43,224 [INFO] Successfully fetched 503 rows for GOOGL
2026-01-08 16:23:51,935 [INFO] Fetching AAPL (Attempt 1/3)
2026-01-08 16:23:52,607 [INFO] Successfully fetched 251 rows for AAPL
2026-01-08 16:23:53,139 [INFO] Fetching AAPL (Attempt 1/3)
2026-01-08 16:23:53,352 [INFO] Successfully fetched 251 rows for AAPL
2026-01-08 16:23:54,835 [INFO] Fetching AAPL (Attempt 1/3)
2026-01-08 16:23:55,037 [INFO] Successfully fetched 503 rows for AAPL
2026-01-08 16:23:55,038 [INFO] Fetching MSFT (Attempt 1/3)
2026-01-08 16:23:55,252 [INFO] Successfully fetched 503 rows for MSFT
2026-01-08 16:23:55,253 [INFO] Fetching GOOGL (Attempt 1/3)
2026-01-08 16:23:55,448 [INFO] Successfully fetched 503 rows for GOOGL
2026-01-08 16:24:00,014 [INFO] Fetching AAPL (Attempt 1/3)
2026-01-08 16:24:00,244 [INFO] Successfully fetched 503 rows for AAPL
2026-01-08 16:24:00,245 [INFO] Fetching MSFT (Attempt 1/3)
2026-01-08 16:24:00,504 [INFO] Successfully fetched 503 rows for MSFT
2026-01-08 16:24:00,505 [INFO] Fetching GOOGL (Attempt 1/3)
2026-01-08 16:24:00,672 [INFO] Successfully fetched 503 rows for GOOGL
2026-01-08 16:28:53,262 [INFO] Fetching AAPL (Attempt 1/3)
2026-01-08 16:28:53,572 [INFO] Successfully fetched 251 rows for AAPL
2026-01-08 16:29:00,842 [INFO] Fetching AAPL (Attempt 1/3)
2026-01-08 16:29:01,048 [INFO] Successfully fetched 503 rows for AAPL
2026-01-08 16:29:01,050 [INFO] Fetching MSFT (Attempt 1/3)
2026-01-08 16:29:01,266 [INFO] Successfully fetched 503 rows for MSFT
2026-01-08 16:29:01,273 [INFO] Fetching GOOGL (Attempt 1/3)
2026-01-08 16:29:01,490 [INFO] Successfully fetched 503 rows for GOOGL
2026-01-08 16:31:05,983 [INFO] Fetching AAPL (Attempt 1/3)
2026-01-08 16:31:06,582 [INFO] Successfully fetched 503 rows for AAPL
2026-01-08 16:31:06,586 [INFO] Fetching MSFT (Attempt 1/3)
2026-01-08 16:31:06,807 [INFO] Successfully fetched 503 rows for MSFT
2026-01-08 16:31:06,814 [INFO] Fetching GOOGL (Attempt 1/3)
2026-01-08 16:31:06,978 [INFO] Successfully fetched 503 rows for GOOGL
2026-01-08 16:31:12,469 [INFO] Fetching AAPL (Attempt 1/3)
2026-01-08 16:31:12,614 [INFO] Successfully fetched 503 rows for AAPL
2026-01-08 16:31:12,615 [INFO] Fetching MSFT (Attempt 1/3)
2026-01-08 16:31:12,788 [INFO] Successfully fetched 503 rows for MSFT
2026-01-08 16:31:12,795 [INFO] Fetching GOOGL (Attempt 1/3)
2026-01-08 16:31:12,986 [INFO] Successfully fetched 503 rows for GOOGL
2026-01-08 16:31:18,252 [INFO] Fetching AAPL (Attempt 1/3)
2026-01-08 16:31:18,666 [INFO] Successfully fetched 251 rows for AAPL
2026-01-08 16:31:18,797 [INFO] Fetching AAPL (Attempt 1/3)
2026-01-08 16:31:19,112 [INFO] Successfully fetched 251 rows for AAPL
2026-01-08 16:31:20,916 [INFO] Fetching AAPL (Attempt 1/3)
2026-01-08 16:31:21,149 [INFO] Successfully fetched 503 rows for AAPL
2026-01-08 16:31:21,150 [INFO] Fetching MSFT (Attempt 1/3)
2026-01-08 16:31:21,350 [INFO] Successfully fetched 503 rows for MSFT
2026-01-08 16:31:21,351 [INFO] Fetching GOOGL (Attempt 1/3)
2026-01-08 16:31:21,519 [INFO] Successfully fetched 503 rows for GOOGL
2026-01-08 16:31:25,019 [INFO] Fetching AAPL (Attempt 1/3)
2026-01-08 16:31:25,243 [INFO] Successfully fetched 503 rows for AAPL
2026-01-08 16:31:25,246 [INFO] Fetching MSFT (Attempt 1/3)
2026-01-08 16:31:25,484 [INFO] Successfully fetched 503 rows for MSFT
2026-01-08 16:31:25,487 [INFO] Fetching GOOGL (Attempt 1/3)
2026-01-08 16:31:25,641 [INFO] Successfully fetched 503 rows for GOOGL
2026-01-08 16:31:36,585 [INFO] Fetching AAPL (Attempt 1/3)
2026-01-08 16:31:36,880 [INFO] Successfully fetched 503 rows for AAPL
2026-01-08 16:31:36,882 [INFO] Fetching MSFT (Attempt 1/3)
2026-01-08 16:31:37,100 [INFO] Successfully fetched 503 rows for MSFT
2026-01-08 16:31:37,102 [INFO] Fetching GOOGL (Attempt 1/3)
2026-01-08 16:31:37,280 [INFO] Successfully fetched 503 rows for GOOGL
2026-01-08 16:36:19,840 [INFO] Fetching AAPL (Attempt 1/3)
2026-01-08 16:36:19,998 [INFO] Successfully fetched 251 rows for AAPL
2026-01-08 16:36:37,848 [INFO] Fetching AAPL (Attempt 1/3)
2026-01-08 16:36:38,070 [INFO] Successfully fetched 503 rows for AAPL
2026-01-08 16:36:38,072 [INFO] Fetching MSFT (Attempt 1/3)
2026-01-08 16:36:38,254 [INFO] Successfully fetched 503 rows for MSFT
2026-01-08 16:36:38,255 [INFO] Fetching GOOGL (Attempt 1/3)
2026-01-08 16:36:38,446 [INFO] Successfully fetched 503 rows for GOOGL
2026-01-08 16:41:20,839 [INFO] Fetching AAPL (Attempt 1/3)
2026-01-08 16:41:21,160 [INFO] Successfully fetched 251 rows for AAPL
2026-01-08 16:41:39,830 [INFO] Fetching AAPL (Attempt 1/3)
2026-01-08 16:41:40,057 [INFO] Successfully fetched 503 rows for AAPL
2026-01-08 16:41:40,058 [INFO] Fetching MSFT (Attempt 1/3)
2026-01-08 16:41:40,298 [INFO] Successfully fetched 503 rows for MSFT
2026-01-08 16:41:40,300 [INFO] Fetching GOOGL (Attempt 1/3)
2026-01-08 16:41:40,478 [INFO] Successfully fetched 503 rows for GOOGL
2026-01-08 16:43:46,131 [INFO] Fetching AAPL (Attempt 1/3)
2026-01-08 16:43:46,410 [INFO] Successfully fetched 251 rows for AAPL
2026-01-08 16:43:46,597 [INFO] Fetching AAPL (Attempt 1/3)
2026-01-08 16:43:47,051 [INFO] Successfully fetched 251 rows for AAPL
2026-01-08 16:43:50,202 [INFO] Fetching AAPL (Attempt 1/3)
2026-01-08 16:43:50,458 [INFO] Successfully fetched 503 rows for AAPL
2026-01-08 16:43:50,459 [INFO] Fetching MSFT (Attempt 1/3)
2026-01-08 16:43:50,668 [INFO] Successfully fetched 503 rows for MSFT
2026-01-08 16:43:50,669 [INFO] Fetching GOOGL (Attempt 1/3)
2026-01-08 16:43:50,885 [INFO] Successfully fetched 503 rows for GOOGL
2026-01-08 16:43:56,076 [INFO] Fetching AAPL (Attempt 1/3)
2026-01-08 16:43:56,286 [INFO] Successfully fetched 503 rows for AAPL
2026-01-08 16:43:56,287 [INFO] Fetching MSFT (Attempt 1/3)
2026-01-08 16:43:56,474 [INFO] Successfully fetched 503 rows for MSFT
2026-01-08 16:43:56,478 [INFO] Fetching GOOGL (Attempt 1/3)
2026-01-08 16:43:56,716 [INFO] Successfully fetched 503 rows for GOOGL
2026-01-08 16:44:01,140 [INFO] Fetching AAPL (Attempt 1/3)
2026-01-08 16:44:01,382 [INFO] Successfully fetched 503 rows for AAPL
2026-01-08 16:44:01,383 [INFO] Fetching MSFT (Attempt 1/3)
2026-01-08 16:44:01,589 [INFO] Successfully fetched 503 rows for MSFT
2026-01-08 16:44:01,602 [INFO] Fetching GOOGL (Attempt 1/3)
2026-01-08 16:44:01,775 [INFO] Successfully fetched 503 rows for GOOGL
2026-01-08 16:45:44,908 [INFO] Fetching AAPL (Attempt 1/3)
2026-01-08 16:45:45,191 [INFO] Successfully fetched 503 rows for AAPL
2026-01-08 16:45:45,192 [INFO] Fetching MSFT (Attempt 1/3)
2026-01-08 16:45:45,396 [INFO] Successfully fetched 503 rows for MSFT
2026-01-08 16:45:45,405 [INFO] Fetching GOOGL (Attempt 1/3)
2026-01-08 16:45:45,581 [INFO] Successfully fetched 503 rows for GOOGL
2026-01-08 16:45:51,548 [INFO] Fetching AAPL (Attempt 1/3)
2026-01-08 16:45:51,806 [INFO] Successfully fetched 503 rows for AAPL
2026-01-08 16:45:52,059 [INFO] Fetching MSFT (Attempt 1/3)
2026-01-08 16:45:52,233 [INFO] Successfully fetched 503 rows for MSFT
2026-01-08 16:45:52,242 [INFO] Fetching GOOGL (Attempt 1/3)
2026-01-08 16:45:52,416 [INFO] Successfully fetched 503 rows for GOOGL
2026-01-08 16:46:05,764 [INFO] Fetching AAPL (Attempt 1/3)
2026-01-08 16:46:06,016 [INFO] Successfully fetched 1256 rows for AAPL
2026-01-08 16:46:06,357 [INFO] Fetching MSFT (Attempt 1/3)
2026-01-08 16:46:06,574 [INFO] Successfully fetched 1256 rows for MSFT
2026-01-08 16:46:06,583 [INFO] Fetching GOOGL (Attempt 1/3)
2026-01-08 16:46:06,764 [INFO] Successfully fetched 1256 rows for GOOGL
2026-01-08 16:46:14,148 [INFO] Fetching AAPL (Attempt 1/3)
2026-01-08 16:46:14,279 [INFO] Successfully fetched 1256 rows for AAPL
2026-01-08 16:46:14,624 [INFO] Fetching MSFT (Attempt 1/3)
2026-01-08 16:46:14,918 [INFO] Successfully fetched 1256 rows for MSFT
2026-01-08 16:46:15,259 [INFO] Fetching GOOGL (Attempt 1/3)
2026-01-08 16:46:15,394 [INFO] Successfully fetched 1256 rows for GOOGL
2026-01-08 16:46:24,314 [INFO] Fetching AAPL (Attempt 1/3)
2026-01-08 16:46:24,494 [INFO] Successfully fetched 251 rows for AAPL
2026-01-08 16:46:24,706 [INFO] Fetching MSFT (Attempt 1/3)
2026-01-08 16:46:24,900 [INFO] Successfully fetched 251 rows for MSFT
2026-01-08 16:46:25,095 [INFO] Fetching GOOGL (Attempt 1/3)
2026-01-08 16:46:25,234 [INFO] Successfully fetched 251 rows for GOOGL
2026-01-08 16:46:37,388 [INFO] Fetching AAPL (Attempt 1/3)
2026-01-08 16:46:37,605 [INFO] Successfully fetched 251 rows for AAPL
2026-01-08 16:46:37,607 [INFO] Fetching MSFT (Attempt 1/3)
2026-01-08 16:46:37,792 [INFO] Successfully fetched 251 rows for MSFT
2026-01-08 16:46:37,793 [INFO] Fetching GOOGL (Attempt 1/3)
2026-01-08 16:46:37,938 [INFO] Successfully fetched 251 rows for GOOGL
2026-01-08 16:46:46,508 [INFO] Fetching AAPL (Attempt 1/3)
2026-01-08 16:46:46,628 [INFO] Successfully fetched 251 rows for AAPL
2026-01-08 16:46:46,919 [INFO] Fetching MSFT (Attempt 1/3)
2026-01-08 16:46:47,162 [INFO] Successfully fetched 251 rows for MSFT
2026-01-08 16:46:47,164 [INFO] Fetching GOOGL (Attempt 1/3)
2026-01-08 16:46:47,314 [INFO] Successfully fetched 251 rows for GOOGL
2026-01-08 16:46:59,641 [INFO] Fetching AAPL (Attempt 1/3)
2026-01-08 16:46:59,896 [INFO] Successfully fetched 251 rows for AAPL
2026-01-08 16:46:59,898 [INFO] Fetching MSFT (Attempt 1/3)
2026-01-08 16:47:00,045 [INFO] Successfully fetched 251 rows for MSFT
2026-01-08 16:47:00,046 [INFO] Fetching GOOGL (Attempt 1/3)
2026-01-08 16:47:00,213 [INFO] Successfully fetched 251 rows for GOOGL
2026-01-08 16:47:09,166 [INFO] Fetching AAPL (Attempt 1/3)
2026-01-08 16:47:09,395 [INFO] Successfully fetched 251 rows for AAPL
2026-01-08 16:47:09,582 [INFO] Fetching MSFT (Attempt 1/3)
2026-01-08 16:47:09,751 [INFO] Successfully fetched 251 rows for MSFT
2026-01-08 16:47:09,753 [INFO] Fetching GOOGL (Attempt 1/3)
2026-01-08 16:47:09,908 [INFO] Successfully fetched 251 rows for GOOGL
2026-01-08 16:47:17,123 [INFO] Fetching AAPL (Attempt 1/3)
2026-01-08 16:47:17,634 [INFO] Successfully fetched 251 rows for AAPL
2026-01-08 16:47:17,636 [INFO] Fetching MSFT (Attempt 1/3)
2026-01-08 16:47:18,145 [INFO] Successfully fetched 251 rows for MSFT
2026-01-08 16:47:18,148 [INFO] Fetching GOOGL (Attempt 1/3)
2026-01-08 16:47:18,299 [INFO] Successfully fetched 251 rows for GOOGL
2026-01-08 16:47:29,380 [INFO] Fetching AAPL (Attempt 1/3)
2026-01-08 16:47:29,595 [INFO] Successfully fetched 251 rows for AAPL
2026-01-08 16:47:29,828 [INFO] Fetching MSFT (Attempt 1/3)
2026-01-08 16:47:29,997 [INFO] Successfully fetched 251 rows for MSFT
2026-01-08 16:47:30,214 [INFO] Fetching GOOGL (Attempt 1/3)
2026-01-08 16:47:30,366 [INFO] Successfully fetched 251 rows for GOOGL
2026-01-08 16:48:47,153 [INFO] Fetching AAPL (Attempt 1/3)
2026-01-08 16:48:47,498 [INFO] Successfully fetched 251 rows for AAPL
2026-01-08 16:51:26,083 [INFO] Fetching AAPL (Attempt 1/3)
2026-01-08 16:51:26,317 [INFO] Successfully fetched 251 rows for AAPL
2026-01-08 16:51:26,533 [INFO] Fetching MSFT (Attempt 1/3)
2026-01-08 16:51:26,727 [INFO] Successfully fetched 251 rows for MSFT
2026-01-08 16:51:26,928 [INFO] Fetching GOOGL (Attempt 1/3)
2026-01-08 16:51:27,069 [INFO] Successfully fetched 251 rows for GOOGL
2026-01-08 16:53:47,550 [INFO] Fetching AAPL (Attempt 1/3)
2026-01-08 16:53:47,738 [INFO] Successfully fetched 251 rows for AAPL
2026-01-08 16:55:48,928 [INFO] Fetching AAPL (Attempt 1/3)
2026-01-08 16:55:49,418 [INFO] Successfully fetched 251 rows for AAPL
2026-01-08 16:55:49,536 [INFO] Fetching AAPL (Attempt 1/3)
2026-01-08 16:55:49,854 [INFO] Successfully fetched 251 rows for AAPL
2026-01-08 16:55:53,478 [INFO] Fetching AAPL (Attempt 1/3)
2026-01-08 16:55:53,726 [INFO] Successfully fetched 503 rows for AAPL
2026-01-08 16:55:53,727 [INFO] Fetching MSFT (Attempt 1/3)
2026-01-08 16:55:53,915 [INFO] Successfully fetched 503 rows for MSFT
2026-01-08 16:55:53,916 [INFO] Fetching GOOGL (Attempt 1/3)
2026-01-08 16:55:54,107 [INFO] Successfully fetched 503 rows for GOOGL
2026-01-08 16:56:17,202 [INFO] Fetching AAPL (Attempt 1/3)
2026-01-08 16:56:17,450 [INFO] Successfully fetched 503 rows for AAPL
2026-01-08 16:56:17,450 [INFO] Fetching MSFT (Attempt 1/3)
2026-01-08 16:56:17,634 [INFO] Successfully fetched 503 rows for MSFT
2026-01-08 16:56:17,635 [INFO] Fetching GOOGL (Attempt 1/3)
2026-01-08 16:56:17,803 [INFO] Successfully fetched 503 rows for GOOGL
2026-01-08 16:56:27,672 [INFO] Fetching AAPL (Attempt 1/3)
2026-01-08 16:56:27,868 [INFO] Successfully fetched 503 rows for AAPL
2026-01-08 16:56:27,868 [INFO] Fetching MSFT (Attempt 1/3)
2026-01-08 16:56:28,075 [INFO] Successfully fetched 503 rows for MSFT
2026-01-08 16:56:28,076 [INFO] Fetching GOOGL (Attempt 1/3)
2026-01-08 16:56:28,226 [INFO] Successfully fetched 503 rows for GOOGL
2026-01-08 16:57:41,128 [INFO] Fetching AAPL (Attempt 1/3)
2026-01-08 16:57:41,453 [INFO] Successfully fetched 251 rows for AAPL
2026-01-08 16:57:41,562 [INFO] Fetching AAPL (Attempt 1/3)
2026-01-08 16:57:41,803 [INFO] Successfully fetched 251 rows for AAPL
2026-01-08 16:57:43,929 [INFO] Fetching AAPL (Attempt 1/3)
2026-01-08 16:57:44,193 [INFO] Successfully fetched 503 rows for AAPL
2026-01-08 16:57:44,194 [INFO] Fetching MSFT (Attempt 1/3)
2026-01-08 16:57:44,398 [INFO] Successfully fetched 503 rows for MSFT
2026-01-08 16:57:44,399 [INFO] Fetching GOOGL (Attempt 1/3)
2026-01-08 16:57:44,555 [INFO] Successfully fetched 503 rows for GOOGL
2026-01-08 17:07:27,566 [INFO] Fetching AAPL (Attempt 1/3)
2026-01-08 17:07:28,301 [INFO] Successfully fetched 251 rows for AAPL
2026-01-08 17:07:28,472 [INFO] Fetching AAPL (Attempt 1/3)
2026-01-08 17:07:28,713 [INFO] Successfully fetched 251 rows for AAPL
2026-01-08 17:07:40,882 [INFO] Fetching AAPL (Attempt 1/3)
2026-01-08 17:07:41,145 [INFO] Successfully fetched 129 rows for AAPL
2026-01-08 17:07:41,145 [INFO] Fetching MSFT (Attempt 1/3)
2026-01-08 17:07:41,314 [INFO] Successfully fetched 129 rows for MSFT
2026-01-08 17:07:41,315 [INFO] Fetching GOOGL (Attempt 1/3)
2026-01-08 17:07:41,445 [INFO] Successfully fetched 129 rows for GOOGL
2026-01-08 17:12:29,842 [INFO] Fetching AAPL (Attempt 1/3)
2026-01-08 17:12:30,076 [INFO] Successfully fetched 251 rows for AAPL
2026-01-08 17:12:41,836 [INFO] Fetching AAPL (Attempt 1/3)
2026-01-08 17:12:42,050 [INFO] Successfully fetched 129 rows for AAPL
2026-01-08 17:12:42,051 [INFO] Fetching MSFT (Attempt 1/3)
2026-01-08 17:12:42,214 [INFO] Successfully fetched 129 rows for MSFT
2026-01-08 17:12:42,215 [INFO] Fetching GOOGL (Attempt 1/3)
2026-01-08 17:12:42,356 [INFO] Successfully fetched 129 rows for GOOGL
2026-01-08 17:14:45,539 [INFO] Fetching AAPL (Attempt 1/3)
2026-01-08 17:14:45,901 [INFO] Successfully fetched 251 rows for AAPL
2026-01-08 17:14:46,035 [INFO] Fetching AAPL (Attempt 1/3)
2026-01-08 17:14:46,420 [INFO] Successfully fetched 251 rows for AAPL
2026-01-08 17:14:49,683 [INFO] Fetching AAPL (Attempt 1/3)
2026-01-08 17:14:49,975 [INFO] Successfully fetched 503 rows for AAPL
2026-01-08 17:14:49,976 [INFO] Fetching MSFT (Attempt 1/3)
2026-01-08 17:14:50,199 [INFO] Successfully fetched 503 rows for MSFT
2026-01-08 17:14:50,199 [INFO] Fetching GOOGL (Attempt 1/3)
2026-01-08 17:14:50,376 [INFO] Successfully fetched 503 rows for GOOGL
2026-01-08 17:18:07,743 [INFO] Fetching AAPL (Attempt 1/3)
2026-01-08 17:18:08,065 [INFO] Successfully fetched 251 rows for AAPL
2026-01-08 17:18:08,374 [INFO] Fetching AAPL (Attempt 1/3)
2026-01-08 17:18:08,515 [INFO] Successfully fetched 251 rows for AAPL
2026-01-08 17:18:11,661 [INFO] Fetching AAPL (Attempt 1/3)
2026-01-08 17:18:12,020 [INFO] Successfully fetched 503 rows for AAPL
2026-01-08 17:18:12,021 [INFO] Fetching MSFT (Attempt 1/3)
2026-01-08 17:18:12,185 [INFO] Successfully fetched 503 rows for MSFT
2026-01-08 17:18:12,186 [INFO] Fetching GOOGL (Attempt 1/3)
2026-01-08 17:18:12,363 [INFO] Successfully fetched 503 rows for GOOGL
2026-01-08 17:23:08,543 [INFO] Fetching AAPL (Attempt 1/3)
2026-01-08 17:23:08,729 [INFO] Successfully fetched 251 rows for AAPL
2026-01-08 17:23:12,440 [INFO] Fetching AAPL (Attempt 1/3)
2026-01-08 17:23:12,674 [INFO] Successfully fetched 503 rows for AAPL
2026-01-08 17:23:12,675 [INFO] Fetching MSFT (Attempt 1/3)
2026-01-08 17:23:12,857 [INFO] Successfully fetched 503 rows for MSFT
2026-01-08 17:23:12,858 [INFO] Fetching GOOGL (Attempt 1/3)
2026-01-08 17:23:12,999 [INFO] Successfully fetched 503 rows for GOOGL
2026-01-08 17:27:05,082 [INFO] Fetching AAPL (Attempt 1/3)
2026-01-08 17:27:05,299 [INFO] Successfully fetched 503 rows for AAPL
2026-01-08 17:27:05,300 [INFO] Fetching MSFT (Attempt 1/3)
2026-01-08 17:27:05,514 [INFO] Successfully fetched 503 rows for MSFT
2026-01-08 17:27:05,515 [INFO] Fetching GOOGL (Attempt 1/3)
2026-01-08 17:27:05,679 [INFO] Successfully fetched 503 rows for GOOGL
2026-01-08 17:28:08,765 [INFO] Fetching AAPL (Attempt 1/3)
2026-01-08 17:28:08,951 [INFO] Successfully fetched 251 rows for AAPL
2026-01-08 17:30:46,056 [INFO] Fetching AAPL (Attempt 1/3)
2026-01-08 17:30:46,316 [INFO] Successfully fetched 503 rows for AAPL
2026-01-08 17:30:46,317 [INFO] Fetching MSFT (Attempt 1/3)
2026-01-08 17:30:46,573 [INFO] Successfully fetched 503 rows for MSFT
2026-01-08 17:30:46,574 [INFO] Fetching GOOGL (Attempt 1/3)
2026-01-08 17:30:46,755 [INFO] Successfully fetched 503 rows for GOOGL
2026-01-08 17:30:46,755 [INFO] Fetching TSLA (Attempt 1/3)
2026-01-08 17:30:46,931 [INFO] Successfully fetched 503 rows for TSLA
2026-01-08 17:30:46,932 [INFO] Fetching AMZN (Attempt 1/3)
2026-01-08 17:30:47,102 [INFO] Successfully fetched 503 rows for AMZN
2026-01-08 17:30:47,102 [INFO] Fetching JPM (Attempt 1/3)
2026-01-08 17:30:47,349 [INFO] Successfully fetched 503 rows for JPM
2026-01-08 17:34:48,242 [INFO] Fetching AAPL (Attempt 1/3)
2026-01-08 17:34:48,958 [INFO] Successfully fetched 251 rows for AAPL
2026-01-08 17:34:49,700 [INFO] Fetching AAPL (Attempt 1/3)
2026-01-08 17:34:49,936 [INFO] Successfully fetched 251 rows for AAPL
2026-01-08 17:35:00,225 [INFO] Fetching AAPL (Attempt 1/3)
2026-01-08 17:35:00,458 [INFO] Successfully fetched 503 rows for AAPL
2026-01-08 17:35:00,459 [INFO] Fetching MSFT (Attempt 1/3)
2026-01-08 17:35:00,655 [INFO] Successfully fetched 503 rows for MSFT
2026-01-08 17:35:00,657 [INFO] Fetching GOOGL (Attempt 1/3)
2026-01-08 17:35:00,838 [INFO] Successfully fetched 503 rows for GOOGL
2026-01-08 17:35:00,839 [INFO] Fetching TSLA (Attempt 1/3)
2026-01-08 17:35:01,098 [INFO] Successfully fetched 503 rows for TSLA
2026-01-08 17:35:01,099 [INFO] Fetching AMZN (Attempt 1/3)
2026-01-08 17:35:01,257 [INFO] Successfully fetched 503 rows for AMZN
2026-01-08 17:35:01,257 [INFO] Fetching JPM (Attempt 1/3)
2026-01-08 17:35:01,494 [INFO] Successfully fetched 503 rows for JPM
2026-01-08 17:35:37,480 [INFO] Fetching AAPL (Attempt 1/3)
2026-01-08 17:35:37,719 [INFO] Successfully fetched 503 rows for AAPL
2026-01-08 17:35:37,719 [INFO] Fetching MSFT (Attempt 1/3)
2026-01-08 17:35:37,935 [INFO] Successfully fetched 503 rows for MSFT
2026-01-08 17:35:37,935 [INFO] Fetching GOOGL (Attempt 1/3)
2026-01-08 17:35:38,110 [INFO] Successfully fetched 503 rows for GOOGL
2026-01-08 17:35:38,112 [INFO] Fetching TSLA (Attempt 1/3)
2026-01-08 17:35:38,252 [INFO] Successfully fetched 503 rows for TSLA
2026-01-08 17:35:38,253 [INFO] Fetching AMZN (Attempt 1/3)
2026-01-08 17:35:38,430 [INFO] Successfully fetched 503 rows for AMZN
2026-01-08 17:35:38,430 [INFO] Fetching JPM (Attempt 1/3)
2026-01-08 17:35:38,627 [INFO] Successfully fetched 503 rows for JPM
2026-01-08 17:35:45,317 [INFO] Fetching AAPL (Attempt 1/3)
2026-01-08 17:35:45,538 [INFO] Successfully fetched 503 rows for AAPL
2026-01-08 17:35:45,539 [INFO] Fetching MSFT (Attempt 1/3)
2026-01-08 17:35:45,739 [INFO] Successfully fetched 503 rows for MSFT
2026-01-08 17:35:45,740 [INFO] Fetching GOOGL (Attempt 1/3)
2026-01-08 17:35:45,991 [INFO] Successfully fetched 503 rows for GOOGL
2026-01-08 17:35:45,992 [INFO] Fetching TSLA (Attempt 1/3)
2026-01-08 17:35:46,122 [INFO] Successfully fetched 503 rows for TSLA
2026-01-08 17:35:46,122 [INFO] Fetching AMZN (Attempt 1/3)
2026-01-08 17:35:46,297 [INFO] Successfully fetched 503 rows for AMZN
2026-01-08 17:35:46,297 [INFO] Fetching JPM (Attempt 1/3)
2026-01-08 17:35:46,535 [INFO] Successfully fetched 503 rows for JPM
2026-01-08 17:35:49,855 [INFO] Fetching AAPL (Attempt 1/3)
2026-01-08 17:35:50,049 [INFO] Successfully fetched 503 rows for AAPL
2026-01-08 17:35:50,049 [INFO] Fetching MSFT (Attempt 1/3)
2026-01-08 17:35:50,258 [INFO] Successfully fetched 503 rows for MSFT
2026-01-08 17:35:50,259 [INFO] Fetching GOOGL (Attempt 1/3)
2026-01-08 17:35:50,414 [INFO] Successfully fetched 503 rows for GOOGL
2026-01-08 17:35:50,414 [INFO] Fetching TSLA (Attempt 1/3)
2026-01-08 17:35:50,566 [INFO] Successfully fetched 503 rows for TSLA
2026-01-08 17:35:50,567 [INFO] Fetching AMZN (Attempt 1/3)
2026-01-08 17:35:50,734 [INFO] Successfully fetched 503 rows for AMZN
2026-01-08 17:35:50,734 [INFO] Fetching JPM (Attempt 1/3)
2026-01-08 17:35:50,935 [INFO] Successfully fetched 503 rows for JPM
2026-01-08 17:35:54,768 [INFO] Fetching AAPL (Attempt 1/3)
2026-01-08 17:35:54,967 [INFO] Successfully fetched 503 rows for AAPL
2026-01-08 17:35:54,967 [INFO] Fetching MSFT (Attempt 1/3)
2026-01-08 17:35:55,145 [INFO] Successfully fetched 503 rows for MSFT
2026-01-08 17:35:55,146 [INFO] Fetching GOOGL (Attempt 1/3)
2026-01-08 17:35:55,324 [INFO] Successfully fetched 503 rows for GOOGL
2026-01-08 17:35:55,324 [INFO] Fetching TSLA (Attempt 1/3)
2026-01-08 17:35:55,489 [INFO] Successfully fetched 503 rows for TSLA
2026-01-08 17:35:55,489 [INFO] Fetching AMZN (Attempt 1/3)
2026-01-08 17:35:55,620 [INFO] Successfully fetched 503 rows for AMZN
2026-01-08 17:35:55,621 [INFO] Fetching JPM (Attempt 1/3)
2026-01-08 17:35:55,815 [INFO] Successfully fetched 503 rows for JPM
2026-01-08 17:36:15,637 [INFO] Fetching AAPL (Attempt 1/3)
2026-01-08 17:36:15,839 [INFO] Successfully fetched 503 rows for AAPL
2026-01-08 17:36:15,839 [INFO] Fetching MSFT (Attempt 1/3)
2026-01-08 17:36:16,004 [INFO] Successfully fetched 503 rows for MSFT
2026-01-08 17:36:16,004 [INFO] Fetching GOOGL (Attempt 1/3)
2026-01-08 17:36:16,187 [INFO] Successfully fetched 503 rows for GOOGL
2026-01-08 17:36:16,187 [INFO] Fetching TSLA (Attempt 1/3)
2026-01-08 17:36:16,329 [INFO] Successfully fetched 503 rows for TSLA
2026-01-08 17:36:16,330 [INFO] Fetching AMZN (Attempt 1/3)
2026-01-08 17:36:16,471 [INFO] Successfully fetched 503 rows for AMZN
2026-01-08 17:36:16,471 [INFO] Fetching JPM (Attempt 1/3)
2026-01-08 17:36:16,681 [INFO] Successfully fetched 503 rows for JPM
2026-01-20 18:55:12,620 [INFO] Fetching AAPL (Attempt 1/3)
2026-01-20 18:55:13,214 [INFO] Successfully fetched 251 rows for AAPL
2026-01-20 18:55:13,976 [INFO] Fetching AAPL (Attempt 1/3)
2026-01-20 18:55:14,172 [INFO] Successfully fetched 251 rows for AAPL
2026-01-20 19:00:14,234 [INFO] Fetching AAPL (Attempt 1/3)
2026-01-20 19:00:14,445 [INFO] Successfully fetched 251 rows for AAPL
2026-01-20 19:05:15,241 [INFO] Fetching AAPL (Attempt 1/3)
2026-01-20 19:05:15,430 [INFO] Successfully fetched 251 rows for AAPL
2026-01-20 19:10:15,496 [INFO] Fetching AAPL (Attempt 1/3)
2026-01-20 19:10:15,674 [INFO] Successfully fetched 251 rows for AAPL
2026-01-20 21:50:47,994 [ERROR] Visuals error: 'Delta'
2026-01-20 21:50:51,162 [ERROR] Visuals error: 'Delta'
2026-01-20 21:50:53,987 [ERROR] Visuals error: 'Delta'
2026-01-20 21:50:57,106 [ERROR] Visuals error: 'Delta'
2026-02-16 19:58:26,342 [CRITICAL] CRITICAL SERVER ERROR: Out of range float values are not JSON compliant: nan
Traceback (most recent call last):
  File "C:\Users\Adrien\OneDrive\Documents\ESILV\Annee_4\PI2\ReactApp\Option-Hedging-Platform\backend\main.py", line 73, in global_exception_handler
    return await call_next(request)
           ^^^^^^^^^^^^^^^^^^^^^^^^
  File "C:\Users\Adrien\OneDrive\Documents\ESILV\Annee_4\PI2\ReactApp\Option-Hedging-Platform\backend\venv\Lib\site-packages\starlette\middleware\base.py", line 168, in call_next
    raise app_exc from app_exc.__cause__ or app_exc.__context__
  File "C:\Users\Adrien\OneDrive\Documents\ESILV\Annee_4\PI2\ReactApp\Option-Hedging-Platform\backend\venv\Lib\site-packages\starlette\middleware\base.py", line 144, in coro
    await self.app(scope, receive_or_disconnect, send_no_error)
  File "C:\Users\Adrien\OneDrive\Documents\ESILV\Annee_4\PI2\ReactApp\Option-Hedging-Platform\backend\venv\Lib\site-packages\starlette\middleware\cors.py", line 85, in __call__
    await self.app(scope, receive, send)
  File "C:\Users\Adrien\OneDrive\Documents\ESILV\Annee_4\PI2\ReactApp\Option-Hedging-Platform\backend\venv\Lib\site-packages\starlette\middleware\exceptions.py", line 63, in __call__
    await wrap_app_handling_exceptions(self.app, conn)(scope, receive, send)
  File "C:\Users\Adrien\OneDrive\Documents\ESILV\Annee_4\PI2\ReactApp\Option-Hedging-Platform\backend\venv\Lib\site-packages\starlette\_exception_handler.py", line 53, in wrapped_app
    raise exc
  File "C:\Users\Adrien\OneDrive\Documents\ESILV\Annee_4\PI2\ReactApp\Option-Hedging-Platform\backend\venv\Lib\site-packages\starlette\_exception_handler.py", line 42, in wrapped_app
    await app(scope, receive, sender)
  File "C:\Users\Adrien\OneDrive\Documents\ESILV\Annee_4\PI2\ReactApp\Option-Hedging-Platform\backend\venv\Lib\site-packages\fastapi\middleware\asyncexitstack.py", line 18, in __call__
    await self.app(scope, receive, send)
  File "C:\Users\Adrien\OneDrive\Documents\ESILV\Annee_4\PI2\ReactApp\Option-Hedging-Platform\backend\venv\Lib\site-packages\starlette\routing.py", line 716, in __call__
    await self.middleware_stack(scope, receive, send)
  File "C:\Users\Adrien\OneDrive\Documents\ESILV\Annee_4\PI2\ReactApp\Option-Hedging-Platform\backend\venv\Lib\site-packages\starlette\routing.py", line 736, in app
    await route.handle(scope, receive, send)
  File "C:\Users\Adrien\OneDrive\Documents\ESILV\Annee_4\PI2\ReactApp\Option-Hedging-Platform\backend\venv\Lib\site-packages\starlette\routing.py", line 290, in handle
    await self.app(scope, receive, send)
  File "C:\Users\Adrien\OneDrive\Documents\ESILV\Annee_4\PI2\ReactApp\Option-Hedging-Platform\backend\venv\Lib\site-packages\fastapi\routing.py", line 115, in app
    await wrap_app_handling_exceptions(app, request)(scope, receive, send)
  File "C:\Users\Adrien\OneDrive\Documents\ESILV\Annee_4\PI2\ReactApp\Option-Hedging-Platform\backend\venv\Lib\site-packages\starlette\_exception_handler.py", line 53, in wrapped_app
    raise exc
  File "C:\Users\Adrien\OneDrive\Documents\ESILV\Annee_4\PI2\ReactApp\Option-Hedging-Platform\backend\venv\Lib\site-packages\starlette\_exception_handler.py", line 42, in wrapped_app
    await app(scope, receive, sender)
  File "C:\Users\Adrien\OneDrive\Documents\ESILV\Annee_4\PI2\ReactApp\Option-Hedging-Platform\backend\venv\Lib\site-packages\fastapi\routing.py", line 101, in app
    response = await f(request)
               ^^^^^^^^^^^^^^^^
  File "C:\Users\Adrien\OneDrive\Documents\ESILV\Annee_4\PI2\ReactApp\Option-Hedging-Platform\backend\venv\Lib\site-packages\fastapi\routing.py", line 389, in app
    response = actual_response_class(content, **response_args)
  File "C:\Users\Adrien\OneDrive\Documents\ESILV\Annee_4\PI2\ReactApp\Option-Hedging-Platform\backend\venv\Lib\site-packages\starlette\responses.py", line 189, in __init__
    super().__init__(content, status_code, headers, media_type, background)
    ~~~~~~~~~~~~~~~~^^^^^^^^^^^^^^^^^^^^^^^^^^^^^^^^^^^^^^^^^^^^^^^^^^^^^^^
  File "C:\Users\Adrien\OneDrive\Documents\ESILV\Annee_4\PI2\ReactApp\Option-Hedging-Platform\backend\venv\Lib\site-packages\starlette\responses.py", line 46, in __init__
    self.body = self.render(content)
                ~~~~~~~~~~~^^^^^^^^^
  File "C:\Users\Adrien\OneDrive\Documents\ESILV\Annee_4\PI2\ReactApp\Option-Hedging-Platform\backend\venv\Lib\site-packages\starlette\responses.py", line 192, in render
    return json.dumps(
           ~~~~~~~~~~^
        content,
        ^^^^^^^^
    ...<3 lines>...
        separators=(",", ":"),
        ^^^^^^^^^^^^^^^^^^^^^^
    ).encode("utf-8")
    ^
  File "C:\Python314\Lib\json\__init__.py", line 238, in dumps
    **kw).encode(obj)
          ~~~~~~^^^^^
  File "C:\Python314\Lib\json\encoder.py", line 200, in encode
    chunks = self.iterencode(o, _one_shot=True)
  File "C:\Python314\Lib\json\encoder.py", line 261, in iterencode
    return _iterencode(o, 0)
ValueError: Out of range float values are not JSON compliant: nan
when serializing list item 0
when serializing list item 0
when serializing dict item 'z'
2026-02-16 19:58:26,870 [CRITICAL] CRITICAL SERVER ERROR: Out of range float values are not JSON compliant: nan
Traceback (most recent call last):
  File "C:\Users\Adrien\OneDrive\Documents\ESILV\Annee_4\PI2\ReactApp\Option-Hedging-Platform\backend\main.py", line 73, in global_exception_handler
    return await call_next(request)
           ^^^^^^^^^^^^^^^^^^^^^^^^
  File "C:\Users\Adrien\OneDrive\Documents\ESILV\Annee_4\PI2\ReactApp\Option-Hedging-Platform\backend\venv\Lib\site-packages\starlette\middleware\base.py", line 168, in call_next
    raise app_exc from app_exc.__cause__ or app_exc.__context__
  File "C:\Users\Adrien\OneDrive\Documents\ESILV\Annee_4\PI2\ReactApp\Option-Hedging-Platform\backend\venv\Lib\site-packages\starlette\middleware\base.py", line 144, in coro
    await self.app(scope, receive_or_disconnect, send_no_error)
  File "C:\Users\Adrien\OneDrive\Documents\ESILV\Annee_4\PI2\ReactApp\Option-Hedging-Platform\backend\venv\Lib\site-packages\starlette\middleware\cors.py", line 85, in __call__
    await self.app(scope, receive, send)
  File "C:\Users\Adrien\OneDrive\Documents\ESILV\Annee_4\PI2\ReactApp\Option-Hedging-Platform\backend\venv\Lib\site-packages\starlette\middleware\exceptions.py", line 63, in __call__
    await wrap_app_handling_exceptions(self.app, conn)(scope, receive, send)
  File "C:\Users\Adrien\OneDrive\Documents\ESILV\Annee_4\PI2\ReactApp\Option-Hedging-Platform\backend\venv\Lib\site-packages\starlette\_exception_handler.py", line 53, in wrapped_app
    raise exc
  File "C:\Users\Adrien\OneDrive\Documents\ESILV\Annee_4\PI2\ReactApp\Option-Hedging-Platform\backend\venv\Lib\site-packages\starlette\_exception_handler.py", line 42, in wrapped_app
    await app(scope, receive, sender)
  File "C:\Users\Adrien\OneDrive\Documents\ESILV\Annee_4\PI2\ReactApp\Option-Hedging-Platform\backend\venv\Lib\site-packages\fastapi\middleware\asyncexitstack.py", line 18, in __call__
    await self.app(scope, receive, send)
  File "C:\Users\Adrien\OneDrive\Documents\ESILV\Annee_4\PI2\ReactApp\Option-Hedging-Platform\backend\venv\Lib\site-packages\starlette\routing.py", line 716, in __call__
    await self.middleware_stack(scope, receive, send)
  File "C:\Users\Adrien\OneDrive\Documents\ESILV\Annee_4\PI2\ReactApp\Option-Hedging-Platform\backend\venv\Lib\site-packages\starlette\routing.py", line 736, in app
    await route.handle(scope, receive, send)
  File "C:\Users\Adrien\OneDrive\Documents\ESILV\Annee_4\PI2\ReactApp\Option-Hedging-Platform\backend\venv\Lib\site-packages\starlette\routing.py", line 290, in handle
    await self.app(scope, receive, send)
  File "C:\Users\Adrien\OneDrive\Documents\ESILV\Annee_4\PI2\ReactApp\Option-Hedging-Platform\backend\venv\Lib\site-packages\fastapi\routing.py", line 115, in app
    await wrap_app_handling_exceptions(app, request)(scope, receive, send)
  File "C:\Users\Adrien\OneDrive\Documents\ESILV\Annee_4\PI2\ReactApp\Option-Hedging-Platform\backend\venv\Lib\site-packages\starlette\_exception_handler.py", line 53, in wrapped_app
    raise exc
  File "C:\Users\Adrien\OneDrive\Documents\ESILV\Annee_4\PI2\ReactApp\Option-Hedging-Platform\backend\venv\Lib\site-packages\starlette\_exception_handler.py", line 42, in wrapped_app
    await app(scope, receive, sender)
  File "C:\Users\Adrien\OneDrive\Documents\ESILV\Annee_4\PI2\ReactApp\Option-Hedging-Platform\backend\venv\Lib\site-packages\fastapi\routing.py", line 101, in app
    response = await f(request)
               ^^^^^^^^^^^^^^^^
  File "C:\Users\Adrien\OneDrive\Documents\ESILV\Annee_4\PI2\ReactApp\Option-Hedging-Platform\backend\venv\Lib\site-packages\fastapi\routing.py", line 389, in app
    response = actual_response_class(content, **response_args)
  File "C:\Users\Adrien\OneDrive\Documents\ESILV\Annee_4\PI2\ReactApp\Option-Hedging-Platform\backend\venv\Lib\site-packages\starlette\responses.py", line 189, in __init__
    super().__init__(content, status_code, headers, media_type, background)
    ~~~~~~~~~~~~~~~~^^^^^^^^^^^^^^^^^^^^^^^^^^^^^^^^^^^^^^^^^^^^^^^^^^^^^^^
  File "C:\Users\Adrien\OneDrive\Documents\ESILV\Annee_4\PI2\ReactApp\Option-Hedging-Platform\backend\venv\Lib\site-packages\starlette\responses.py", line 46, in __init__
    self.body = self.render(content)
                ~~~~~~~~~~~^^^^^^^^^
  File "C:\Users\Adrien\OneDrive\Documents\ESILV\Annee_4\PI2\ReactApp\Option-Hedging-Platform\backend\venv\Lib\site-packages\starlette\responses.py", line 192, in render
    return json.dumps(
           ~~~~~~~~~~^
        content,
        ^^^^^^^^
    ...<3 lines>...
        separators=(",", ":"),
        ^^^^^^^^^^^^^^^^^^^^^^
    ).encode("utf-8")
    ^
  File "C:\Python314\Lib\json\__init__.py", line 238, in dumps
    **kw).encode(obj)
          ~~~~~~^^^^^
  File "C:\Python314\Lib\json\encoder.py", line 200, in encode
    chunks = self.iterencode(o, _one_shot=True)
  File "C:\Python314\Lib\json\encoder.py", line 261, in iterencode
    return _iterencode(o, 0)
ValueError: Out of range float values are not JSON compliant: nan
when serializing list item 0
when serializing list item 0
when serializing dict item 'z'
2026-02-16 20:23:06,209 [CRITICAL] CRITICAL SERVER ERROR: Out of range float values are not JSON compliant: nan
Traceback (most recent call last):
  File "C:\Users\Adrien\OneDrive\Documents\ESILV\Annee_4\PI2\ReactApp\Option-Hedging-Platform\backend\main.py", line 73, in global_exception_handler
    return await call_next(request)
           ^^^^^^^^^^^^^^^^^^^^^^^^
  File "C:\Users\Adrien\OneDrive\Documents\ESILV\Annee_4\PI2\ReactApp\Option-Hedging-Platform\backend\venv\Lib\site-packages\starlette\middleware\base.py", line 168, in call_next
    raise app_exc from app_exc.__cause__ or app_exc.__context__
  File "C:\Users\Adrien\OneDrive\Documents\ESILV\Annee_4\PI2\ReactApp\Option-Hedging-Platform\backend\venv\Lib\site-packages\starlette\middleware\base.py", line 144, in coro
    await self.app(scope, receive_or_disconnect, send_no_error)
  File "C:\Users\Adrien\OneDrive\Documents\ESILV\Annee_4\PI2\ReactApp\Option-Hedging-Platform\backend\venv\Lib\site-packages\starlette\middleware\cors.py", line 85, in __call__
    await self.app(scope, receive, send)
  File "C:\Users\Adrien\OneDrive\Documents\ESILV\Annee_4\PI2\ReactApp\Option-Hedging-Platform\backend\venv\Lib\site-packages\starlette\middleware\exceptions.py", line 63, in __call__
    await wrap_app_handling_exceptions(self.app, conn)(scope, receive, send)
  File "C:\Users\Adrien\OneDrive\Documents\ESILV\Annee_4\PI2\ReactApp\Option-Hedging-Platform\backend\venv\Lib\site-packages\starlette\_exception_handler.py", line 53, in wrapped_app
    raise exc
  File "C:\Users\Adrien\OneDrive\Documents\ESILV\Annee_4\PI2\ReactApp\Option-Hedging-Platform\backend\venv\Lib\site-packages\starlette\_exception_handler.py", line 42, in wrapped_app
    await app(scope, receive, sender)
  File "C:\Users\Adrien\OneDrive\Documents\ESILV\Annee_4\PI2\ReactApp\Option-Hedging-Platform\backend\venv\Lib\site-packages\fastapi\middleware\asyncexitstack.py", line 18, in __call__
    await self.app(scope, receive, send)
  File "C:\Users\Adrien\OneDrive\Documents\ESILV\Annee_4\PI2\ReactApp\Option-Hedging-Platform\backend\venv\Lib\site-packages\starlette\routing.py", line 716, in __call__
    await self.middleware_stack(scope, receive, send)
  File "C:\Users\Adrien\OneDrive\Documents\ESILV\Annee_4\PI2\ReactApp\Option-Hedging-Platform\backend\venv\Lib\site-packages\starlette\routing.py", line 736, in app
    await route.handle(scope, receive, send)
  File "C:\Users\Adrien\OneDrive\Documents\ESILV\Annee_4\PI2\ReactApp\Option-Hedging-Platform\backend\venv\Lib\site-packages\starlette\routing.py", line 290, in handle
    await self.app(scope, receive, send)
  File "C:\Users\Adrien\OneDrive\Documents\ESILV\Annee_4\PI2\ReactApp\Option-Hedging-Platform\backend\venv\Lib\site-packages\fastapi\routing.py", line 115, in app
    await wrap_app_handling_exceptions(app, request)(scope, receive, send)
  File "C:\Users\Adrien\OneDrive\Documents\ESILV\Annee_4\PI2\ReactApp\Option-Hedging-Platform\backend\venv\Lib\site-packages\starlette\_exception_handler.py", line 53, in wrapped_app
    raise exc
  File "C:\Users\Adrien\OneDrive\Documents\ESILV\Annee_4\PI2\ReactApp\Option-Hedging-Platform\backend\venv\Lib\site-packages\starlette\_exception_handler.py", line 42, in wrapped_app
    await app(scope, receive, sender)
  File "C:\Users\Adrien\OneDrive\Documents\ESILV\Annee_4\PI2\ReactApp\Option-Hedging-Platform\backend\venv\Lib\site-packages\fastapi\routing.py", line 101, in app
    response = await f(request)
               ^^^^^^^^^^^^^^^^
  File "C:\Users\Adrien\OneDrive\Documents\ESILV\Annee_4\PI2\ReactApp\Option-Hedging-Platform\backend\venv\Lib\site-packages\fastapi\routing.py", line 389, in app
    response = actual_response_class(content, **response_args)
  File "C:\Users\Adrien\OneDrive\Documents\ESILV\Annee_4\PI2\ReactApp\Option-Hedging-Platform\backend\venv\Lib\site-packages\starlette\responses.py", line 189, in __init__
    super().__init__(content, status_code, headers, media_type, background)
    ~~~~~~~~~~~~~~~~^^^^^^^^^^^^^^^^^^^^^^^^^^^^^^^^^^^^^^^^^^^^^^^^^^^^^^^
  File "C:\Users\Adrien\OneDrive\Documents\ESILV\Annee_4\PI2\ReactApp\Option-Hedging-Platform\backend\venv\Lib\site-packages\starlette\responses.py", line 46, in __init__
    self.body = self.render(content)
                ~~~~~~~~~~~^^^^^^^^^
  File "C:\Users\Adrien\OneDrive\Documents\ESILV\Annee_4\PI2\ReactApp\Option-Hedging-Platform\backend\venv\Lib\site-packages\starlette\responses.py", line 192, in render
    return json.dumps(
           ~~~~~~~~~~^
        content,
        ^^^^^^^^
    ...<3 lines>...
        separators=(",", ":"),
        ^^^^^^^^^^^^^^^^^^^^^^
    ).encode("utf-8")
    ^
  File "C:\Python314\Lib\json\__init__.py", line 238, in dumps
    **kw).encode(obj)
          ~~~~~~^^^^^
  File "C:\Python314\Lib\json\encoder.py", line 200, in encode
    chunks = self.iterencode(o, _one_shot=True)
  File "C:\Python314\Lib\json\encoder.py", line 261, in iterencode
    return _iterencode(o, 0)
ValueError: Out of range float values are not JSON compliant: nan
when serializing list item 0
when serializing list item 0
when serializing dict item 'z'
2026-02-16 20:23:06,443 [CRITICAL] CRITICAL SERVER ERROR: Out of range float values are not JSON compliant: nan
Traceback (most recent call last):
  File "C:\Users\Adrien\OneDrive\Documents\ESILV\Annee_4\PI2\ReactApp\Option-Hedging-Platform\backend\main.py", line 73, in global_exception_handler
    return await call_next(request)
           ^^^^^^^^^^^^^^^^^^^^^^^^
  File "C:\Users\Adrien\OneDrive\Documents\ESILV\Annee_4\PI2\ReactApp\Option-Hedging-Platform\backend\venv\Lib\site-packages\starlette\middleware\base.py", line 168, in call_next
    raise app_exc from app_exc.__cause__ or app_exc.__context__
  File "C:\Users\Adrien\OneDrive\Documents\ESILV\Annee_4\PI2\ReactApp\Option-Hedging-Platform\backend\venv\Lib\site-packages\starlette\middleware\base.py", line 144, in coro
    await self.app(scope, receive_or_disconnect, send_no_error)
  File "C:\Users\Adrien\OneDrive\Documents\ESILV\Annee_4\PI2\ReactApp\Option-Hedging-Platform\backend\venv\Lib\site-packages\starlette\middleware\cors.py", line 85, in __call__
    await self.app(scope, receive, send)
  File "C:\Users\Adrien\OneDrive\Documents\ESILV\Annee_4\PI2\ReactApp\Option-Hedging-Platform\backend\venv\Lib\site-packages\starlette\middleware\exceptions.py", line 63, in __call__
    await wrap_app_handling_exceptions(self.app, conn)(scope, receive, send)
  File "C:\Users\Adrien\OneDrive\Documents\ESILV\Annee_4\PI2\ReactApp\Option-Hedging-Platform\backend\venv\Lib\site-packages\starlette\_exception_handler.py", line 53, in wrapped_app
    raise exc
  File "C:\Users\Adrien\OneDrive\Documents\ESILV\Annee_4\PI2\ReactApp\Option-Hedging-Platform\backend\venv\Lib\site-packages\starlette\_exception_handler.py", line 42, in wrapped_app
    await app(scope, receive, sender)
  File "C:\Users\Adrien\OneDrive\Documents\ESILV\Annee_4\PI2\ReactApp\Option-Hedging-Platform\backend\venv\Lib\site-packages\fastapi\middleware\asyncexitstack.py", line 18, in __call__
    await self.app(scope, receive, send)
  File "C:\Users\Adrien\OneDrive\Documents\ESILV\Annee_4\PI2\ReactApp\Option-Hedging-Platform\backend\venv\Lib\site-packages\starlette\routing.py", line 716, in __call__
    await self.middleware_stack(scope, receive, send)
  File "C:\Users\Adrien\OneDrive\Documents\ESILV\Annee_4\PI2\ReactApp\Option-Hedging-Platform\backend\venv\Lib\site-packages\starlette\routing.py", line 736, in app
    await route.handle(scope, receive, send)
  File "C:\Users\Adrien\OneDrive\Documents\ESILV\Annee_4\PI2\ReactApp\Option-Hedging-Platform\backend\venv\Lib\site-packages\starlette\routing.py", line 290, in handle
    await self.app(scope, receive, send)
  File "C:\Users\Adrien\OneDrive\Documents\ESILV\Annee_4\PI2\ReactApp\Option-Hedging-Platform\backend\venv\Lib\site-packages\fastapi\routing.py", line 115, in app
    await wrap_app_handling_exceptions(app, request)(scope, receive, send)
  File "C:\Users\Adrien\OneDrive\Documents\ESILV\Annee_4\PI2\ReactApp\Option-Hedging-Platform\backend\venv\Lib\site-packages\starlette\_exception_handler.py", line 53, in wrapped_app
    raise exc
  File "C:\Users\Adrien\OneDrive\Documents\ESILV\Annee_4\PI2\ReactApp\Option-Hedging-Platform\backend\venv\Lib\site-packages\starlette\_exception_handler.py", line 42, in wrapped_app
    await app(scope, receive, sender)
  File "C:\Users\Adrien\OneDrive\Documents\ESILV\Annee_4\PI2\ReactApp\Option-Hedging-Platform\backend\venv\Lib\site-packages\fastapi\routing.py", line 101, in app
    response = await f(request)
               ^^^^^^^^^^^^^^^^
  File "C:\Users\Adrien\OneDrive\Documents\ESILV\Annee_4\PI2\ReactApp\Option-Hedging-Platform\backend\venv\Lib\site-packages\fastapi\routing.py", line 389, in app
    response = actual_response_class(content, **response_args)
  File "C:\Users\Adrien\OneDrive\Documents\ESILV\Annee_4\PI2\ReactApp\Option-Hedging-Platform\backend\venv\Lib\site-packages\starlette\responses.py", line 189, in __init__
    super().__init__(content, status_code, headers, media_type, background)
    ~~~~~~~~~~~~~~~~^^^^^^^^^^^^^^^^^^^^^^^^^^^^^^^^^^^^^^^^^^^^^^^^^^^^^^^
  File "C:\Users\Adrien\OneDrive\Documents\ESILV\Annee_4\PI2\ReactApp\Option-Hedging-Platform\backend\venv\Lib\site-packages\starlette\responses.py", line 46, in __init__
    self.body = self.render(content)
                ~~~~~~~~~~~^^^^^^^^^
  File "C:\Users\Adrien\OneDrive\Documents\ESILV\Annee_4\PI2\ReactApp\Option-Hedging-Platform\backend\venv\Lib\site-packages\starlette\responses.py", line 192, in render
    return json.dumps(
           ~~~~~~~~~~^
        content,
        ^^^^^^^^
    ...<3 lines>...
        separators=(",", ":"),
        ^^^^^^^^^^^^^^^^^^^^^^
    ).encode("utf-8")
    ^
  File "C:\Python314\Lib\json\__init__.py", line 238, in dumps
    **kw).encode(obj)
          ~~~~~~^^^^^
  File "C:\Python314\Lib\json\encoder.py", line 200, in encode
    chunks = self.iterencode(o, _one_shot=True)
  File "C:\Python314\Lib\json\encoder.py", line 261, in iterencode
    return _iterencode(o, 0)
ValueError: Out of range float values are not JSON compliant: nan
when serializing list item 0
when serializing list item 0
when serializing dict item 'z'
2026-02-16 20:23:23,854 [CRITICAL] CRITICAL SERVER ERROR: Out of range float values are not JSON compliant: nan
Traceback (most recent call last):
  File "C:\Users\Adrien\OneDrive\Documents\ESILV\Annee_4\PI2\ReactApp\Option-Hedging-Platform\backend\main.py", line 73, in global_exception_handler
    return await call_next(request)
           ^^^^^^^^^^^^^^^^^^^^^^^^
  File "C:\Users\Adrien\OneDrive\Documents\ESILV\Annee_4\PI2\ReactApp\Option-Hedging-Platform\backend\venv\Lib\site-packages\starlette\middleware\base.py", line 168, in call_next
    raise app_exc from app_exc.__cause__ or app_exc.__context__
  File "C:\Users\Adrien\OneDrive\Documents\ESILV\Annee_4\PI2\ReactApp\Option-Hedging-Platform\backend\venv\Lib\site-packages\starlette\middleware\base.py", line 144, in coro
    await self.app(scope, receive_or_disconnect, send_no_error)
  File "C:\Users\Adrien\OneDrive\Documents\ESILV\Annee_4\PI2\ReactApp\Option-Hedging-Platform\backend\venv\Lib\site-packages\starlette\middleware\cors.py", line 85, in __call__
    await self.app(scope, receive, send)
  File "C:\Users\Adrien\OneDrive\Documents\ESILV\Annee_4\PI2\ReactApp\Option-Hedging-Platform\backend\venv\Lib\site-packages\starlette\middleware\exceptions.py", line 63, in __call__
    await wrap_app_handling_exceptions(self.app, conn)(scope, receive, send)
  File "C:\Users\Adrien\OneDrive\Documents\ESILV\Annee_4\PI2\ReactApp\Option-Hedging-Platform\backend\venv\Lib\site-packages\starlette\_exception_handler.py", line 53, in wrapped_app
    raise exc
  File "C:\Users\Adrien\OneDrive\Documents\ESILV\Annee_4\PI2\ReactApp\Option-Hedging-Platform\backend\venv\Lib\site-packages\starlette\_exception_handler.py", line 42, in wrapped_app
    await app(scope, receive, sender)
  File "C:\Users\Adrien\OneDrive\Documents\ESILV\Annee_4\PI2\ReactApp\Option-Hedging-Platform\backend\venv\Lib\site-packages\fastapi\middleware\asyncexitstack.py", line 18, in __call__
    await self.app(scope, receive, send)
  File "C:\Users\Adrien\OneDrive\Documents\ESILV\Annee_4\PI2\ReactApp\Option-Hedging-Platform\backend\venv\Lib\site-packages\starlette\routing.py", line 716, in __call__
    await self.middleware_stack(scope, receive, send)
  File "C:\Users\Adrien\OneDrive\Documents\ESILV\Annee_4\PI2\ReactApp\Option-Hedging-Platform\backend\venv\Lib\site-packages\starlette\routing.py", line 736, in app
    await route.handle(scope, receive, send)
  File "C:\Users\Adrien\OneDrive\Documents\ESILV\Annee_4\PI2\ReactApp\Option-Hedging-Platform\backend\venv\Lib\site-packages\starlette\routing.py", line 290, in handle
    await self.app(scope, receive, send)
  File "C:\Users\Adrien\OneDrive\Documents\ESILV\Annee_4\PI2\ReactApp\Option-Hedging-Platform\backend\venv\Lib\site-packages\fastapi\routing.py", line 115, in app
    await wrap_app_handling_exceptions(app, request)(scope, receive, send)
  File "C:\Users\Adrien\OneDrive\Documents\ESILV\Annee_4\PI2\ReactApp\Option-Hedging-Platform\backend\venv\Lib\site-packages\starlette\_exception_handler.py", line 53, in wrapped_app
    raise exc
  File "C:\Users\Adrien\OneDrive\Documents\ESILV\Annee_4\PI2\ReactApp\Option-Hedging-Platform\backend\venv\Lib\site-packages\starlette\_exception_handler.py", line 42, in wrapped_app
    await app(scope, receive, sender)
  File "C:\Users\Adrien\OneDrive\Documents\ESILV\Annee_4\PI2\ReactApp\Option-Hedging-Platform\backend\venv\Lib\site-packages\fastapi\routing.py", line 101, in app
    response = await f(request)
               ^^^^^^^^^^^^^^^^
  File "C:\Users\Adrien\OneDrive\Documents\ESILV\Annee_4\PI2\ReactApp\Option-Hedging-Platform\backend\venv\Lib\site-packages\fastapi\routing.py", line 389, in app
    response = actual_response_class(content, **response_args)
  File "C:\Users\Adrien\OneDrive\Documents\ESILV\Annee_4\PI2\ReactApp\Option-Hedging-Platform\backend\venv\Lib\site-packages\starlette\responses.py", line 189, in __init__
    super().__init__(content, status_code, headers, media_type, background)
    ~~~~~~~~~~~~~~~~^^^^^^^^^^^^^^^^^^^^^^^^^^^^^^^^^^^^^^^^^^^^^^^^^^^^^^^
  File "C:\Users\Adrien\OneDrive\Documents\ESILV\Annee_4\PI2\ReactApp\Option-Hedging-Platform\backend\venv\Lib\site-packages\starlette\responses.py", line 46, in __init__
    self.body = self.render(content)
                ~~~~~~~~~~~^^^^^^^^^
  File "C:\Users\Adrien\OneDrive\Documents\ESILV\Annee_4\PI2\ReactApp\Option-Hedging-Platform\backend\venv\Lib\site-packages\starlette\responses.py", line 192, in render
    return json.dumps(
           ~~~~~~~~~~^
        content,
        ^^^^^^^^
    ...<3 lines>...
        separators=(",", ":"),
        ^^^^^^^^^^^^^^^^^^^^^^
    ).encode("utf-8")
    ^
  File "C:\Python314\Lib\json\__init__.py", line 238, in dumps
    **kw).encode(obj)
          ~~~~~~^^^^^
  File "C:\Python314\Lib\json\encoder.py", line 200, in encode
    chunks = self.iterencode(o, _one_shot=True)
  File "C:\Python314\Lib\json\encoder.py", line 261, in iterencode
    return _iterencode(o, 0)
ValueError: Out of range float values are not JSON compliant: nan
when serializing list item 0
when serializing list item 0
when serializing dict item 'z'
2026-02-16 20:23:24,217 [CRITICAL] CRITICAL SERVER ERROR: Out of range float values are not JSON compliant: nan
Traceback (most recent call last):
  File "C:\Users\Adrien\OneDrive\Documents\ESILV\Annee_4\PI2\ReactApp\Option-Hedging-Platform\backend\main.py", line 73, in global_exception_handler
    return await call_next(request)
           ^^^^^^^^^^^^^^^^^^^^^^^^
  File "C:\Users\Adrien\OneDrive\Documents\ESILV\Annee_4\PI2\ReactApp\Option-Hedging-Platform\backend\venv\Lib\site-packages\starlette\middleware\base.py", line 168, in call_next
    raise app_exc from app_exc.__cause__ or app_exc.__context__
  File "C:\Users\Adrien\OneDrive\Documents\ESILV\Annee_4\PI2\ReactApp\Option-Hedging-Platform\backend\venv\Lib\site-packages\starlette\middleware\base.py", line 144, in coro
    await self.app(scope, receive_or_disconnect, send_no_error)
  File "C:\Users\Adrien\OneDrive\Documents\ESILV\Annee_4\PI2\ReactApp\Option-Hedging-Platform\backend\venv\Lib\site-packages\starlette\middleware\cors.py", line 85, in __call__
    await self.app(scope, receive, send)
  File "C:\Users\Adrien\OneDrive\Documents\ESILV\Annee_4\PI2\ReactApp\Option-Hedging-Platform\backend\venv\Lib\site-packages\starlette\middleware\exceptions.py", line 63, in __call__
    await wrap_app_handling_exceptions(self.app, conn)(scope, receive, send)
  File "C:\Users\Adrien\OneDrive\Documents\ESILV\Annee_4\PI2\ReactApp\Option-Hedging-Platform\backend\venv\Lib\site-packages\starlette\_exception_handler.py", line 53, in wrapped_app
    raise exc
  File "C:\Users\Adrien\OneDrive\Documents\ESILV\Annee_4\PI2\ReactApp\Option-Hedging-Platform\backend\venv\Lib\site-packages\starlette\_exception_handler.py", line 42, in wrapped_app
    await app(scope, receive, sender)
  File "C:\Users\Adrien\OneDrive\Documents\ESILV\Annee_4\PI2\ReactApp\Option-Hedging-Platform\backend\venv\Lib\site-packages\fastapi\middleware\asyncexitstack.py", line 18, in __call__
    await self.app(scope, receive, send)
  File "C:\Users\Adrien\OneDrive\Documents\ESILV\Annee_4\PI2\ReactApp\Option-Hedging-Platform\backend\venv\Lib\site-packages\starlette\routing.py", line 716, in __call__
    await self.middleware_stack(scope, receive, send)
  File "C:\Users\Adrien\OneDrive\Documents\ESILV\Annee_4\PI2\ReactApp\Option-Hedging-Platform\backend\venv\Lib\site-packages\starlette\routing.py", line 736, in app
    await route.handle(scope, receive, send)
  File "C:\Users\Adrien\OneDrive\Documents\ESILV\Annee_4\PI2\ReactApp\Option-Hedging-Platform\backend\venv\Lib\site-packages\starlette\routing.py", line 290, in handle
    await self.app(scope, receive, send)
  File "C:\Users\Adrien\OneDrive\Documents\ESILV\Annee_4\PI2\ReactApp\Option-Hedging-Platform\backend\venv\Lib\site-packages\fastapi\routing.py", line 115, in app
    await wrap_app_handling_exceptions(app, request)(scope, receive, send)
  File "C:\Users\Adrien\OneDrive\Documents\ESILV\Annee_4\PI2\ReactApp\Option-Hedging-Platform\backend\venv\Lib\site-packages\starlette\_exception_handler.py", line 53, in wrapped_app
    raise exc
  File "C:\Users\Adrien\OneDrive\Documents\ESILV\Annee_4\PI2\ReactApp\Option-Hedging-Platform\backend\venv\Lib\site-packages\starlette\_exception_handler.py", line 42, in wrapped_app
    await app(scope, receive, sender)
  File "C:\Users\Adrien\OneDrive\Documents\ESILV\Annee_4\PI2\ReactApp\Option-Hedging-Platform\backend\venv\Lib\site-packages\fastapi\routing.py", line 101, in app
    response = await f(request)
               ^^^^^^^^^^^^^^^^
  File "C:\Users\Adrien\OneDrive\Documents\ESILV\Annee_4\PI2\ReactApp\Option-Hedging-Platform\backend\venv\Lib\site-packages\fastapi\routing.py", line 389, in app
    response = actual_response_class(content, **response_args)
  File "C:\Users\Adrien\OneDrive\Documents\ESILV\Annee_4\PI2\ReactApp\Option-Hedging-Platform\backend\venv\Lib\site-packages\starlette\responses.py", line 189, in __init__
    super().__init__(content, status_code, headers, media_type, background)
    ~~~~~~~~~~~~~~~~^^^^^^^^^^^^^^^^^^^^^^^^^^^^^^^^^^^^^^^^^^^^^^^^^^^^^^^
  File "C:\Users\Adrien\OneDrive\Documents\ESILV\Annee_4\PI2\ReactApp\Option-Hedging-Platform\backend\venv\Lib\site-packages\starlette\responses.py", line 46, in __init__
    self.body = self.render(content)
                ~~~~~~~~~~~^^^^^^^^^
  File "C:\Users\Adrien\OneDrive\Documents\ESILV\Annee_4\PI2\ReactApp\Option-Hedging-Platform\backend\venv\Lib\site-packages\starlette\responses.py", line 192, in render
    return json.dumps(
           ~~~~~~~~~~^
        content,
        ^^^^^^^^
    ...<3 lines>...
        separators=(",", ":"),
        ^^^^^^^^^^^^^^^^^^^^^^
    ).encode("utf-8")
    ^
  File "C:\Python314\Lib\json\__init__.py", line 238, in dumps
    **kw).encode(obj)
          ~~~~~~^^^^^
  File "C:\Python314\Lib\json\encoder.py", line 200, in encode
    chunks = self.iterencode(o, _one_shot=True)
  File "C:\Python314\Lib\json\encoder.py", line 261, in iterencode
    return _iterencode(o, 0)
ValueError: Out of range float values are not JSON compliant: nan
when serializing list item 0
when serializing list item 0
when serializing dict item 'z'
2026-02-16 22:01:48,786 [CRITICAL] CRITICAL SERVER ERROR: Out of range float values are not JSON compliant: nan
Traceback (most recent call last):
  File "C:\Users\Adrien\OneDrive\Documents\ESILV\Annee_4\PI2\ReactApp\Option-Hedging-Platform\backend\main.py", line 73, in global_exception_handler
    return await call_next(request)
           ^^^^^^^^^^^^^^^^^^^^^^^^
  File "C:\Users\Adrien\OneDrive\Documents\ESILV\Annee_4\PI2\ReactApp\Option-Hedging-Platform\backend\venv\Lib\site-packages\starlette\middleware\base.py", line 168, in call_next
    raise app_exc from app_exc.__cause__ or app_exc.__context__
  File "C:\Users\Adrien\OneDrive\Documents\ESILV\Annee_4\PI2\ReactApp\Option-Hedging-Platform\backend\venv\Lib\site-packages\starlette\middleware\base.py", line 144, in coro
    await self.app(scope, receive_or_disconnect, send_no_error)
  File "C:\Users\Adrien\OneDrive\Documents\ESILV\Annee_4\PI2\ReactApp\Option-Hedging-Platform\backend\venv\Lib\site-packages\starlette\middleware\cors.py", line 85, in __call__
    await self.app(scope, receive, send)
  File "C:\Users\Adrien\OneDrive\Documents\ESILV\Annee_4\PI2\ReactApp\Option-Hedging-Platform\backend\venv\Lib\site-packages\starlette\middleware\exceptions.py", line 63, in __call__
    await wrap_app_handling_exceptions(self.app, conn)(scope, receive, send)
  File "C:\Users\Adrien\OneDrive\Documents\ESILV\Annee_4\PI2\ReactApp\Option-Hedging-Platform\backend\venv\Lib\site-packages\starlette\_exception_handler.py", line 53, in wrapped_app
    raise exc
  File "C:\Users\Adrien\OneDrive\Documents\ESILV\Annee_4\PI2\ReactApp\Option-Hedging-Platform\backend\venv\Lib\site-packages\starlette\_exception_handler.py", line 42, in wrapped_app
    await app(scope, receive, sender)
  File "C:\Users\Adrien\OneDrive\Documents\ESILV\Annee_4\PI2\ReactApp\Option-Hedging-Platform\backend\venv\Lib\site-packages\fastapi\middleware\asyncexitstack.py", line 18, in __call__
    await self.app(scope, receive, send)
  File "C:\Users\Adrien\OneDrive\Documents\ESILV\Annee_4\PI2\ReactApp\Option-Hedging-Platform\backend\venv\Lib\site-packages\starlette\routing.py", line 716, in __call__
    await self.middleware_stack(scope, receive, send)
  File "C:\Users\Adrien\OneDrive\Documents\ESILV\Annee_4\PI2\ReactApp\Option-Hedging-Platform\backend\venv\Lib\site-packages\starlette\routing.py", line 736, in app
    await route.handle(scope, receive, send)
  File "C:\Users\Adrien\OneDrive\Documents\ESILV\Annee_4\PI2\ReactApp\Option-Hedging-Platform\backend\venv\Lib\site-packages\starlette\routing.py", line 290, in handle
    await self.app(scope, receive, send)
  File "C:\Users\Adrien\OneDrive\Documents\ESILV\Annee_4\PI2\ReactApp\Option-Hedging-Platform\backend\venv\Lib\site-packages\fastapi\routing.py", line 115, in app
    await wrap_app_handling_exceptions(app, request)(scope, receive, send)
  File "C:\Users\Adrien\OneDrive\Documents\ESILV\Annee_4\PI2\ReactApp\Option-Hedging-Platform\backend\venv\Lib\site-packages\starlette\_exception_handler.py", line 53, in wrapped_app
    raise exc
  File "C:\Users\Adrien\OneDrive\Documents\ESILV\Annee_4\PI2\ReactApp\Option-Hedging-Platform\backend\venv\Lib\site-packages\starlette\_exception_handler.py", line 42, in wrapped_app
    await app(scope, receive, sender)
  File "C:\Users\Adrien\OneDrive\Documents\ESILV\Annee_4\PI2\ReactApp\Option-Hedging-Platform\backend\venv\Lib\site-packages\fastapi\routing.py", line 101, in app
    response = await f(request)
               ^^^^^^^^^^^^^^^^
  File "C:\Users\Adrien\OneDrive\Documents\ESILV\Annee_4\PI2\ReactApp\Option-Hedging-Platform\backend\venv\Lib\site-packages\fastapi\routing.py", line 389, in app
    response = actual_response_class(content, **response_args)
  File "C:\Users\Adrien\OneDrive\Documents\ESILV\Annee_4\PI2\ReactApp\Option-Hedging-Platform\backend\venv\Lib\site-packages\starlette\responses.py", line 189, in __init__
    super().__init__(content, status_code, headers, media_type, background)
    ~~~~~~~~~~~~~~~~^^^^^^^^^^^^^^^^^^^^^^^^^^^^^^^^^^^^^^^^^^^^^^^^^^^^^^^
  File "C:\Users\Adrien\OneDrive\Documents\ESILV\Annee_4\PI2\ReactApp\Option-Hedging-Platform\backend\venv\Lib\site-packages\starlette\responses.py", line 46, in __init__
    self.body = self.render(content)
                ~~~~~~~~~~~^^^^^^^^^
  File "C:\Users\Adrien\OneDrive\Documents\ESILV\Annee_4\PI2\ReactApp\Option-Hedging-Platform\backend\venv\Lib\site-packages\starlette\responses.py", line 192, in render
    return json.dumps(
           ~~~~~~~~~~^
        content,
        ^^^^^^^^
    ...<3 lines>...
        separators=(",", ":"),
        ^^^^^^^^^^^^^^^^^^^^^^
    ).encode("utf-8")
    ^
  File "C:\Python314\Lib\json\__init__.py", line 238, in dumps
    **kw).encode(obj)
          ~~~~~~^^^^^
  File "C:\Python314\Lib\json\encoder.py", line 200, in encode
    chunks = self.iterencode(o, _one_shot=True)
  File "C:\Python314\Lib\json\encoder.py", line 261, in iterencode
    return _iterencode(o, 0)
ValueError: Out of range float values are not JSON compliant: nan
when serializing list item 0
when serializing list item 0
when serializing dict item 'z'
when serializing dict item 'call'
2026-02-16 22:01:49,087 [CRITICAL] CRITICAL SERVER ERROR: Out of range float values are not JSON compliant: nan
Traceback (most recent call last):
  File "C:\Users\Adrien\OneDrive\Documents\ESILV\Annee_4\PI2\ReactApp\Option-Hedging-Platform\backend\main.py", line 73, in global_exception_handler
    return await call_next(request)
           ^^^^^^^^^^^^^^^^^^^^^^^^
  File "C:\Users\Adrien\OneDrive\Documents\ESILV\Annee_4\PI2\ReactApp\Option-Hedging-Platform\backend\venv\Lib\site-packages\starlette\middleware\base.py", line 168, in call_next
    raise app_exc from app_exc.__cause__ or app_exc.__context__
  File "C:\Users\Adrien\OneDrive\Documents\ESILV\Annee_4\PI2\ReactApp\Option-Hedging-Platform\backend\venv\Lib\site-packages\starlette\middleware\base.py", line 144, in coro
    await self.app(scope, receive_or_disconnect, send_no_error)
  File "C:\Users\Adrien\OneDrive\Documents\ESILV\Annee_4\PI2\ReactApp\Option-Hedging-Platform\backend\venv\Lib\site-packages\starlette\middleware\cors.py", line 85, in __call__
    await self.app(scope, receive, send)
  File "C:\Users\Adrien\OneDrive\Documents\ESILV\Annee_4\PI2\ReactApp\Option-Hedging-Platform\backend\venv\Lib\site-packages\starlette\middleware\exceptions.py", line 63, in __call__
    await wrap_app_handling_exceptions(self.app, conn)(scope, receive, send)
  File "C:\Users\Adrien\OneDrive\Documents\ESILV\Annee_4\PI2\ReactApp\Option-Hedging-Platform\backend\venv\Lib\site-packages\starlette\_exception_handler.py", line 53, in wrapped_app
    raise exc
  File "C:\Users\Adrien\OneDrive\Documents\ESILV\Annee_4\PI2\ReactApp\Option-Hedging-Platform\backend\venv\Lib\site-packages\starlette\_exception_handler.py", line 42, in wrapped_app
    await app(scope, receive, sender)
  File "C:\Users\Adrien\OneDrive\Documents\ESILV\Annee_4\PI2\ReactApp\Option-Hedging-Platform\backend\venv\Lib\site-packages\fastapi\middleware\asyncexitstack.py", line 18, in __call__
    await self.app(scope, receive, send)
  File "C:\Users\Adrien\OneDrive\Documents\ESILV\Annee_4\PI2\ReactApp\Option-Hedging-Platform\backend\venv\Lib\site-packages\starlette\routing.py", line 716, in __call__
    await self.middleware_stack(scope, receive, send)
  File "C:\Users\Adrien\OneDrive\Documents\ESILV\Annee_4\PI2\ReactApp\Option-Hedging-Platform\backend\venv\Lib\site-packages\starlette\routing.py", line 736, in app
    await route.handle(scope, receive, send)
  File "C:\Users\Adrien\OneDrive\Documents\ESILV\Annee_4\PI2\ReactApp\Option-Hedging-Platform\backend\venv\Lib\site-packages\starlette\routing.py", line 290, in handle
    await self.app(scope, receive, send)
  File "C:\Users\Adrien\OneDrive\Documents\ESILV\Annee_4\PI2\ReactApp\Option-Hedging-Platform\backend\venv\Lib\site-packages\fastapi\routing.py", line 115, in app
    await wrap_app_handling_exceptions(app, request)(scope, receive, send)
  File "C:\Users\Adrien\OneDrive\Documents\ESILV\Annee_4\PI2\ReactApp\Option-Hedging-Platform\backend\venv\Lib\site-packages\starlette\_exception_handler.py", line 53, in wrapped_app
    raise exc
  File "C:\Users\Adrien\OneDrive\Documents\ESILV\Annee_4\PI2\ReactApp\Option-Hedging-Platform\backend\venv\Lib\site-packages\starlette\_exception_handler.py", line 42, in wrapped_app
    await app(scope, receive, sender)
  File "C:\Users\Adrien\OneDrive\Documents\ESILV\Annee_4\PI2\ReactApp\Option-Hedging-Platform\backend\venv\Lib\site-packages\fastapi\routing.py", line 101, in app
    response = await f(request)
               ^^^^^^^^^^^^^^^^
  File "C:\Users\Adrien\OneDrive\Documents\ESILV\Annee_4\PI2\ReactApp\Option-Hedging-Platform\backend\venv\Lib\site-packages\fastapi\routing.py", line 389, in app
    response = actual_response_class(content, **response_args)
  File "C:\Users\Adrien\OneDrive\Documents\ESILV\Annee_4\PI2\ReactApp\Option-Hedging-Platform\backend\venv\Lib\site-packages\starlette\responses.py", line 189, in __init__
    super().__init__(content, status_code, headers, media_type, background)
    ~~~~~~~~~~~~~~~~^^^^^^^^^^^^^^^^^^^^^^^^^^^^^^^^^^^^^^^^^^^^^^^^^^^^^^^
  File "C:\Users\Adrien\OneDrive\Documents\ESILV\Annee_4\PI2\ReactApp\Option-Hedging-Platform\backend\venv\Lib\site-packages\starlette\responses.py", line 46, in __init__
    self.body = self.render(content)
                ~~~~~~~~~~~^^^^^^^^^
  File "C:\Users\Adrien\OneDrive\Documents\ESILV\Annee_4\PI2\ReactApp\Option-Hedging-Platform\backend\venv\Lib\site-packages\starlette\responses.py", line 192, in render
    return json.dumps(
           ~~~~~~~~~~^
        content,
        ^^^^^^^^
    ...<3 lines>...
        separators=(",", ":"),
        ^^^^^^^^^^^^^^^^^^^^^^
    ).encode("utf-8")
    ^
  File "C:\Python314\Lib\json\__init__.py", line 238, in dumps
    **kw).encode(obj)
          ~~~~~~^^^^^
  File "C:\Python314\Lib\json\encoder.py", line 200, in encode
    chunks = self.iterencode(o, _one_shot=True)
  File "C:\Python314\Lib\json\encoder.py", line 261, in iterencode
    return _iterencode(o, 0)
ValueError: Out of range float values are not JSON compliant: nan
when serializing list item 0
when serializing list item 0
when serializing dict item 'z'
when serializing dict item 'call'
